{
    "1": [
        [
            -288.66162109375, 
            1.8851778507232666, 
            -257.1138610839844
        ], 
        [
            11.552542686462402, 
            0.8336408138275146, 
            -201.3948211669922
        ], 
        [
            288.0843505859375, 
            5.11257266998291, 
            -273.7641906738281
        ], 
        [
            247.5, 
            7.118203163146973, 
            98.97512817382812
        ], 
        [
            237.07443237304688, 
            6.742827415466309, 
            247.63954162597656
        ], 
        [
            -48.64113998413086, 
            0.6270476579666138, 
            216.18017578125
        ], 
        [
            -48.538822174072266, 
            1.2087044715881348, 
            61.32764434814453
        ], 
        [
            -112.27354431152344, 
            1.1985985040664673, 
            60.43706512451172
        ], 
        [
            -272.1473388671875, 
            4.858717918395996, 
            185.6614990234375
        ], 
        [
            -287.3590393066406, 
            1.5054998397827148, 
            194.9883575439453
        ], 
        [
            -124.79072570800781, 
            1.0522940158843994, 
            -207.42117309570312
        ], 
        [
            -25.253795623779297, 
            0.8735257387161255, 
            -223.5813446044922
        ], 
        [
            -0.19907084107398987, 
            0.6336948871612549, 
            92.4377670288086
        ], 
        [
            -5.179915428161621, 
            0.6624580025672913, 
            185.8537139892578
        ], 
        [
            27.400596618652344, 
            0.646600604057312, 
            196.5326385498047
        ], 
        [
            239.68673706054688, 
            4.585542678833008, 
            -296.3140563964844
        ]
    ], 
    "2": [
        [
            294.038818359375, 
            6.015329360961914, 
            -201.21444702148438
        ], 
        [
            291.7929382324219, 
            5.996308326721191, 
            -105.2010269165039
        ], 
        [
            268.31781005859375, 
            8.703598976135254, 
            18.6658878326416
        ], 
        [
            76.53954315185547, 
            0.7052487134933472, 
            -28.37303924560547
        ], 
        [
            266.2873229980469, 
            6.444197654724121, 
            -27.521207809448242
        ], 
        [
            220.02578735351562, 
            3.5172500610351562, 
            -33.39275360107422
        ]
    ], 
    "3": [
        [
            -103.06564331054688, 
            1.1410694122314453, 
            58.87830352783203
        ], 
        [
            -273.90264892578125, 
            4.773471355438232, 
            187.02865600585938
        ], 
        [
            -169.0613555908203, 
            1.040783405303955, 
            18.943880081176758
        ], 
        [
            -199.05966186523438, 
            0.7909760475158691, 
            18.35739517211914
        ], 
        [
            -228.2095184326172, 
            0.7975766062736511, 
            15.927224159240723
        ], 
        [
            -264.77947998046875, 
            0.769603967666626, 
            33.342140197753906
        ], 
        [
            -205.44302368164062, 
            0.7434549331665039, 
            60.647674560546875
        ], 
        [
            -136.52947998046875, 
            0.8811658620834351, 
            46.40118408203125
        ], 
        [
            -181.20175170898438, 
            0.9030412435531616, 
            -71.21485137939453
        ], 
        [
            -194.8809814453125, 
            0.8064151406288147, 
            -70.75655364990234
        ], 
        [
            -210.92259216308594, 
            0.8647862672805786, 
            -69.52225494384766
        ], 
        [
            -222.55174255371094, 
            0.9529540538787842, 
            -69.61083221435547
        ], 
        [
            -265.11041259765625, 
            0.8577209711074829, 
            -101.87973022460938
        ], 
        [
            -263.9539794921875, 
            0.8064845204353333, 
            -15.222504615783691
        ], 
        [
            -228.83934020996094, 
            0.933772087097168, 
            -136.82785034179688
        ], 
        [
            -134.3785400390625, 
            0.9704176187515259, 
            -104.00877380371094
        ], 
        [
            -105.128662109375, 
            0.9946478605270386, 
            -71.0238265991211
        ], 
        [
            173.79298400878906, 
            0.8890278339385986, 
            -194.0345001220703
        ], 
        [
            177.68206787109375, 
            0.9970370531082153, 
            -44.29902648925781
        ], 
        [
            153.0128173828125, 
            0.6469449996948242, 
            -68.58373260498047
        ], 
        [
            159.92726135253906, 
            0.7634036540985107, 
            -9.036720275878906
        ]
    ]
}