{
    "1": [
        [
            -77.96321868896484, 
            9.251184463500977, 
            198.73526000976562
        ], 
        [
            73.4062728881836, 
            5.9749250411987305, 
            371.5930480957031
        ], 
        [
            12.679085731506348, 
            4.69744348526001, 
            -345.4820861816406
        ], 
        [
            -88.14237213134766, 
            11.526598930358887, 
            -125.69693756103516
        ], 
        [
            152.42916870117188, 
            -4.8564653396606445, 
            202.38430786132812
        ], 
        [
            -293.3695983886719, 
            9.407489776611328, 
            -343.5540466308594
        ], 
        [
            -336.21893310546875, 
            8.049744606018066, 
            309.1863708496094
        ], 
        [
            198.0719757080078, 
            2.1445975303649902, 
            -316.19903564453125
        ], 
        [
            -113.48997497558594, 
            10.546825408935547, 
            -213.5907745361328
        ], 
        [
            -330.5943603515625, 
            10.595850944519043, 
            -317.63958740234375
        ], 
        [
            -265.72991943359375, 
            17.148136138916016, 
            186.7635040283203
        ], 
        [
            -24.410110473632812, 
            7.27421236038208, 
            362.3338623046875
        ], 
        [
            -65.93553924560547, 
            8.062948226928711, 
            354.59637451171875
        ], 
        [
            -108.8985366821289, 
            15.555851936340332, 
            97.48960876464844
        ], 
        [
            -50.077423095703125, 
            7.243943214416504, 
            -356.7148742675781
        ]
    ], 
    "2": [
        [
            144.17002868652344, 
            -4.902379512786865, 
            185.26031494140625
        ], 
        [
            130.85255432128906, 
            -5.013706207275391, 
            60.793006896972656
        ], 
        [
            130.0770263671875, 
            -5.029146194458008, 
            -50.0850944519043
        ], 
        [
            87.16028594970703, 
            -4.877886772155762, 
            -180.56712341308594
        ], 
        [
            38.324180603027344, 
            -4.738099575042725, 
            -222.2799835205078
        ], 
        [
            -117.20350646972656, 
            10.033546447753906, 
            48.304222106933594
        ], 
        [
            51.31011962890625, 
            -2.6454238891601562, 
            210.01181030273438
        ], 
        [
            97.28857421875, 
            -5.427811145782471, 
            -114.82835388183594
        ], 
        [
            35.46391677856445, 
            -2.780001401901245, 
            210.30850219726562
        ], 
        [
            85.52458190917969, 
            -4.990134239196777, 
            188.44384765625
        ], 
        [
            66.3272705078125, 
            -4.8680620193481445, 
            -201.84405517578125
        ], 
        [
            -78.09549713134766, 
            7.223659992218018, 
            -63.81683349609375
        ]
    ], 
    "3": [
        [
            -270.01287841796875, 
            14.397503852844238, 
            128.17494201660156
        ], 
        [
            -378.27459716796875, 
            17.123701095581055, 
            204.3668212890625
        ], 
        [
            -301.8724670410156, 
            16.036470413208008, 
            -3.0907604694366455
        ], 
        [
            -275.407958984375, 
            7.781498432159424, 
            -236.3350830078125
        ], 
        [
            -304.0430603027344, 
            13.677384376525879, 
            -35.63071060180664
        ], 
        [
            375.941162109375, 
            5.960771083831787, 
            -69.92755889892578
        ], 
        [
            344.59881591796875, 
            3.239276885986328, 
            -5.019199371337891
        ], 
        [
            341.9278869628906, 
            2.7948052883148193, 
            25.088623046875
        ], 
        [
            299.1419677734375, 
            1.3171451091766357, 
            21.2569580078125
        ], 
        [
            300.3167419433594, 
            1.5015195608139038, 
            -3.481318950653076
        ], 
        [
            247.24203491210938, 
            -4.75090217590332, 
            68.43965911865234
        ], 
        [
            265.5819091796875, 
            -4.853598117828369, 
            -65.6553726196289
        ], 
        [
            356.7325744628906, 
            3.2996644973754883, 
            108.8958740234375
        ], 
        [
            329.8372497558594, 
            2.175262928009033, 
            137.79725646972656
        ], 
        [
            -271.489013671875, 
            13.64229679107666, 
            59.040252685546875
        ], 
        [
            -274.63629150390625, 
            4.679191589355469, 
            -90.1955337524414
        ]
    ]
}