{
    "1": [
        [
            129.45236206054688, 
            20.329059600830078, 
            -256.09698486328125
        ], 
        [
            52.8337516784668, 
            20.290605545043945, 
            -281.6875
        ], 
        [
            10.861098289489746, 
            21.910913467407227, 
            -353.9884033203125
        ], 
        [
            -30.617666244506836, 
            21.210344314575195, 
            -364.548828125
        ], 
        [
            -97.96858215332031, 
            14.739439010620117, 
            -370.76751708984375
        ], 
        [
            -324.33917236328125, 
            8.243541717529297, 
            -204.29330444335938
        ], 
        [
            -282.6861267089844, 
            4.062586307525635, 
            139.97372436523438
        ], 
        [
            -223.74246215820312, 
            8.493101119995117, 
            256.732177734375
        ], 
        [
            -158.54486083984375, 
            18.35450553894043, 
            362.327880859375
        ], 
        [
            -196.35592651367188, 
            18.286579132080078, 
            377.884765625
        ], 
        [
            -123.27362060546875, 
            19.182111740112305, 
            340.572021484375
        ], 
        [
            -66.09030151367188, 
            19.30792808532715, 
            382.8461608886719
        ], 
        [
            275.63665771484375, 
            25.660869598388672, 
            191.2503662109375
        ], 
        [
            -98.08282470703125, 
            15.429368019104004, 
            180.80441284179688
        ], 
        [
            -94.04930114746094, 
            16.49012565612793, 
            -111.42923736572266
        ]
    ], 
    "2": [
        [
            -177.19842529296875, 
            6.003380298614502, 
            -203.9737548828125
        ], 
        [
            -239.23843383789062, 
            1.5396136045455933, 
            -5.1516008377075195
        ], 
        [
            -291.48919677734375, 
            11.973689079284668, 
            37.81043243408203
        ], 
        [
            -308.52056884765625, 
            11.024065971374512, 
            -42.617149353027344
        ], 
        [
            -10.956682205200195, 
            25.95081329345703, 
            12.486442565917969
        ], 
        [
            46.28752136230469, 
            27.389209747314453, 
            74.20592498779297
        ], 
        [
            61.77091979980469, 
            27.85858154296875, 
            -25.165922164916992
        ]
    ], 
    "3": [
        [
            61.362003326416016, 
            15.960823059082031, 
            150.0318145751953
        ], 
        [
            97.23368835449219, 
            18.508419036865234, 
            123.51126861572266
        ], 
        [
            -89.96047973632812, 
            19.428625106811523, 
            -60.61543273925781
        ], 
        [
            -35.52504348754883, 
            20.635299682617188, 
            -36.167694091796875
        ], 
        [
            -55.00136184692383, 
            20.27961540222168, 
            71.29484558105469
        ], 
        [
            -90.9139404296875, 
            19.554662704467773, 
            86.95989227294922
        ], 
        [
            -129.63250732421875, 
            19.803815841674805, 
            62.03300094604492
        ], 
        [
            -110.2572021484375, 
            18.996963500976562, 
            -57.89031982421875
        ], 
        [
            -98.11827087402344, 
            16.213035583496094, 
            -112.27363586425781
        ], 
        [
            -56.14044189453125, 
            22.75125503540039, 
            17.388063430786133
        ], 
        [
            -59.154823303222656, 
            22.247447967529297, 
            0.42212286591529846
        ], 
        [
            145.74185180664062, 
            20.66785430908203, 
            68.5096435546875
        ], 
        [
            148.4872283935547, 
            19.90496063232422, 
            42.63603973388672
        ], 
        [
            202.85415649414062, 
            19.392955780029297, 
            30.18634796142578
        ], 
        [
            169.91616821289062, 
            20.30228042602539, 
            66.88502502441406
        ]
    ]
}