{
    "1": [
        [
            205.48934936523438, 
            17.856996536254883, 
            231.72775268554688
        ], 
        [
            186.3094940185547, 
            18.200729370117188, 
            257.1394348144531
        ], 
        [
            293.26141357421875, 
            30.327545166015625, 
            336.25927734375
        ], 
        [
            421.26727294921875, 
            55.1270751953125, 
            -260.37054443359375
        ], 
        [
            333.906494140625, 
            54.47516632080078, 
            -391.8655700683594
        ], 
        [
            80.88945007324219, 
            37.88194274902344, 
            -449.793701171875
        ], 
        [
            280.642822265625, 
            21.653108596801758, 
            -32.924232482910156
        ], 
        [
            282.85137939453125, 
            22.76493263244629, 
            31.895023345947266
        ], 
        [
            -64.84529113769531, 
            17.891555786132812, 
            -277.7472229003906
        ], 
        [
            -106.607666015625, 
            17.67296600341797, 
            -246.25704956054688
        ], 
        [
            -489.5395202636719, 
            20.42147445678711, 
            -159.47203063964844
        ], 
        [
            -322.98834228515625, 
            17.58335304260254, 
            -108.82694244384766
        ], 
        [
            -269.32855224609375, 
            18.226871490478516, 
            -136.53135681152344
        ]
    ], 
    "2": [
        [
            48.30583190917969, 
            8.717514991760254, 
            -23.28262710571289
        ], 
        [
            5.024953842163086, 
            10.668594360351562, 
            -61.95637512207031
        ], 
        [
            4.057041168212891, 
            8.881555557250977, 
            -34.3731575012207
        ], 
        [
            -68.6077880859375, 
            9.033349990844727, 
            30.670238494873047
        ], 
        [
            -138.51687622070312, 
            7.096879482269287, 
            138.0333251953125
        ], 
        [
            -177.66775512695312, 
            8.340295791625977, 
            170.47857666015625
        ], 
        [
            -195.92947387695312, 
            13.817123413085938, 
            191.98782348632812
        ], 
        [
            -213.90530395507812, 
            20.1966495513916, 
            212.13018798828125
        ], 
        [
            -237.4571533203125, 
            23.555728912353516, 
            236.4234619140625
        ], 
        [
            -260.8028259277344, 
            19.926349639892578, 
            267.53692626953125
        ]
    ], 
    "3": [
        [
            -380.7001647949219, 
            0.45721420645713806, 
            294.5050964355469
        ], 
        [
            -280.15118408203125, 
            1.345229983329773, 
            334.5619812011719
        ], 
        [
            -150.76686096191406, 
            0.20600001513957977, 
            462.960205078125
        ], 
        [
            95.20001220703125, 
            0.20373208820819855, 
            -64.83131408691406
        ], 
        [
            62.63035202026367, 
            0.2114449441432953, 
            -119.69361877441406
        ], 
        [
            -139.08680725097656, 
            6.128050804138184, 
            160.33074951171875
        ], 
        [
            -108.22349548339844, 
            6.547516345977783, 
            138.46107482910156
        ], 
        [
            -137.70828247070312, 
            8.56289005279541, 
            107.5640640258789
        ], 
        [
            -179.92469787597656, 
            5.02304220199585, 
            132.7882537841797
        ], 
        [
            -242.2733154296875, 
            0.21119561791419983, 
            450.44573974609375
        ], 
        [
            -216.3859405517578, 
            0.22556176781654358, 
            403.1994323730469
        ], 
        [
            -201.6810302734375, 
            0.5635971426963806, 
            379.9980163574219
        ], 
        [
            -384.7765197753906, 
            0.38825249671936035, 
            419.35247802734375
        ], 
        [
            -417.291748046875, 
            0.24602417647838593, 
            374.7671813964844
        ], 
        [
            -412.31549072265625, 
            0.2073718011379242, 
            297.27752685546875
        ], 
        [
            -397.0774841308594, 
            0.900801956653595, 
            219.3499755859375
        ], 
        [
            -346.63323974609375, 
            0.4139656722545624, 
            444.613525390625
        ]
    ]
}