{
    "1": [
        [
            -9.347026824951172, 
            63.53826904296875, 
            -342.9716796875
        ], 
        [
            38.414939880371094, 
            75.73591613769531, 
            -407.89105224609375
        ], 
        [
            -162.11878967285156, 
            56.7137336730957, 
            -245.91302490234375
        ], 
        [
            -173.12994384765625, 
            61.101539611816406, 
            -232.55894470214844
        ], 
        [
            -184.38783264160156, 
            57.757965087890625, 
            -204.44371032714844
        ], 
        [
            -194.00701904296875, 
            57.46562194824219, 
            -192.94998168945312
        ], 
        [
            -236.47952270507812, 
            55.403907775878906, 
            -139.09732055664062
        ], 
        [
            132.93592834472656, 
            56.27592849731445, 
            195.80108642578125
        ], 
        [
            139.8538818359375, 
            56.355934143066406, 
            156.80584716796875
        ], 
        [
            183.3175048828125, 
            54.90519714355469, 
            160.83824157714844
        ], 
        [
            229.22955322265625, 
            49.607879638671875, 
            154.67034912109375
        ], 
        [
            262.73590087890625, 
            51.337493896484375, 
            146.8916778564453
        ], 
        [
            182.1060028076172, 
            7.070261001586914, 
            -187.38095092773438
        ], 
        [
            399.85260009765625, 
            65.44921875, 
            -109.44146728515625
        ], 
        [
            400.71539306640625, 
            68.1839599609375, 
            -149.9164581298828
        ]
    ], 
    "2": [
        [
            73.50942993164062, 
            51.91257858276367, 
            -360.82958984375
        ], 
        [
            144.81153869628906, 
            27.690887451171875, 
            -312.42608642578125
        ], 
        [
            -159.93540954589844, 
            34.73488235473633, 
            161.37545776367188
        ], 
        [
            267.0416259765625, 
            52.98811340332031, 
            -166.81439208984375
        ], 
        [
            312.9178466796875, 
            46.97969436645508, 
            -215.30377197265625
        ], 
        [
            90.49012756347656, 
            22.42609405517578, 
            -116.71231079101562
        ], 
        [
            80.6959228515625, 
            10.915060997009277, 
            -196.31149291992188
        ], 
        [
            117.90647888183594, 
            18.480388641357422, 
            -110.31788635253906
        ], 
        [
            236.07566833496094, 
            22.07573127746582, 
            -46.038909912109375
        ]
    ], 
    "3": [
        [
            -452.730712890625, 
            56.26905822753906, 
            231.6483154296875
        ], 
        [
            -327.2497253417969, 
            56.142799377441406, 
            431.6333923339844
        ], 
        [
            -473.37750244140625, 
            55.287837982177734, 
            394.7654724121094
        ], 
        [
            -318.88616943359375, 
            61.87902069091797, 
            352.15130615234375
        ], 
        [
            -298.7801513671875, 
            61.88811492919922, 
            319.50579833984375
        ], 
        [
            -350.4822082519531, 
            61.15611267089844, 
            264.3735656738281
        ], 
        [
            -389.7572021484375, 
            60.27623748779297, 
            240.76675415039062
        ]
    ]
}