{
    "1": [
        [
            250.8453369140625, 
            16.672990798950195, 
            194.1624755859375
        ], 
        [
            200.82394409179688, 
            20.09598159790039, 
            198.70654296875
        ], 
        [
            117.3857421875, 
            11.848335266113281, 
            344.42218017578125
        ], 
        [
            -279.4345703125, 
            23.2988224029541, 
            242.30616760253906
        ], 
        [
            -446.0256652832031, 
            10.062744140625, 
            159.04318237304688
        ], 
        [
            -288.85186767578125, 
            9.81346321105957, 
            44.35691833496094
        ], 
        [
            -487.54290771484375, 
            18.039430618286133, 
            -149.04055786132812
        ], 
        [
            -136.79197692871094, 
            20.485363006591797, 
            -83.42872619628906
        ], 
        [
            -115.15377807617188, 
            5.446079254150391, 
            -291.1827697753906
        ], 
        [
            -76.05406188964844, 
            6.016652584075928, 
            -373.76446533203125
        ], 
        [
            55.916786193847656, 
            6.70423698425293, 
            -153.4207305908203
        ], 
        [
            318.9896545410156, 
            10.60067367553711, 
            26.823476791381836
        ], 
        [
            -27.81683349609375, 
            18.978342056274414, 
            416.19281005859375
        ], 
        [
            -72.8990478515625, 
            16.633859634399414, 
            377.13287353515625
        ], 
        [
            -116.562744140625, 
            18.474851608276367, 
            396.2575378417969
        ], 
        [
            -376.9911804199219, 
            9.836668968200684, 
            266.5246887207031
        ], 
        [
            -336.1413269042969, 
            10.044964790344238, 
            -44.04192352294922
        ], 
        [
            -168.76416015625, 
            5.273281097412109, 
            -232.74407958984375
        ], 
        [
            -12.448684692382812, 
            -0.971610426902771, 
            -181.3919219970703
        ], 
        [
            490.1232604980469, 
            21.372997283935547, 
            492.0273132324219
        ]
    ], 
    "2": [
        [
            264.37799072265625, 
            3.3510897159576416, 
            26.141809463500977
        ], 
        [
            129.51495361328125, 
            1.2955737113952637, 
            123.8924789428711
        ], 
        [
            -26.502025604248047, 
            18.899755477905273, 
            420.5119934082031
        ], 
        [
            -79.50555419921875, 
            17.032272338867188, 
            371.8271179199219
        ], 
        [
            45.951351165771484, 
            -0.2400505542755127, 
            -112.08478546142578
        ], 
        [
            182.4754638671875, 
            -2.4754679203033447, 
            -197.24191284179688
        ], 
        [
            -146.70521545410156, 
            -0.547297477722168, 
            83.67788696289062
        ], 
        [
            -69.6825180053711, 
            -0.15995875000953674, 
            180.2292938232422
        ], 
        [
            137.75741577148438, 
            -2.4266552925109863, 
            38.57565689086914
        ], 
        [
            33.73728561401367, 
            -2.8065152168273926, 
            -33.70109558105469
        ], 
        [
            -122.4441146850586, 
            21.105798721313477, 
            -102.16539001464844
        ], 
        [
            163.27259826660156, 
            -3.282911777496338, 
            25.73317527770996
        ]
    ], 
    "3": [
        [
            414.06549072265625, 
            -2.4175260066986084, 
            -110.00688934326172
        ], 
        [
            144.966796875, 
            -3.7590363025665283, 
            -355.34075927734375
        ], 
        [
            99.38471221923828, 
            -12.243182182312012, 
            -421.6665954589844
        ], 
        [
            303.2694091796875, 
            -4.590950965881348, 
            -239.9493408203125
        ], 
        [
            114.17686462402344, 
            -3.3637280464172363, 
            -332.7735900878906
        ], 
        [
            247.41848754882812, 
            -6.574519157409668, 
            -296.66802978515625
        ], 
        [
            371.56109619140625, 
            -14.661141395568848, 
            -259.245361328125
        ], 
        [
            362.4523620605469, 
            -7.546300411224365, 
            -219.09506225585938
        ], 
        [
            365.4862060546875, 
            -2.2444329261779785, 
            -124.88316345214844
        ], 
        [
            337.77117919921875, 
            -2.450014114379883, 
            -206.80184936523438
        ], 
        [
            247.3937225341797, 
            -2.8586618900299072, 
            -234.6074981689453
        ]
    ]
}