{
    "1": [
        [
            62.145591735839844, 
            6.211380958557129, 
            374.01806640625
        ], 
        [
            76.56298828125, 
            6.129382610321045, 
            283.0540771484375
        ], 
        [
            70.80066680908203, 
            7.0665435791015625, 
            313.24322509765625
        ], 
        [
            92.56661987304688, 
            7.141810417175293, 
            481.6275634765625
        ], 
        [
            -443.63897705078125, 
            8.840545654296875, 
            485.8376770019531
        ], 
        [
            -433.5275573730469, 
            6.217921257019043, 
            455.01654052734375
        ], 
        [
            -495.0733947753906, 
            17.50066375732422, 
            91.29320526123047
        ], 
        [
            -365.01922607421875, 
            9.953950881958008, 
            41.32963180541992
        ], 
        [
            -380.5096740722656, 
            15.936444282531738, 
            -121.95916748046875
        ], 
        [
            -336.1430358886719, 
            12.77831745147705, 
            -150.5980987548828
        ], 
        [
            -247.87066650390625, 
            -1.117408275604248, 
            -110.31090545654297
        ], 
        [
            241.33067321777344, 
            9.206469535827637, 
            -36.20685958862305
        ], 
        [
            52.956451416015625, 
            2.140183448791504, 
            -337.42987060546875
        ], 
        [
            218.8397216796875, 
            10.067136764526367, 
            -344.0023193359375
        ], 
        [
            -123.52040100097656, 
            -2.8718483448028564, 
            -365.22186279296875
        ], 
        [
            -200.27056884765625, 
            6.1942138671875, 
            -332.02978515625
        ], 
        [
            -218.55780029296875, 
            7.505675315856934, 
            -306.0332946777344
        ], 
        [
            -374.06414794921875, 
            14.36599349975586, 
            -258.2562255859375
        ], 
        [
            329.72802734375, 
            18.534059524536133, 
            36.33021926879883
        ], 
        [
            339.7213134765625, 
            18.756223678588867, 
            89.20331573486328
        ]
    ], 
    "2": [
        [
            -132.703369140625, 
            -11.043388366699219, 
            382.0377197265625
        ], 
        [
            -96.66131591796875, 
            -11.413434982299805, 
            280.5369567871094
        ], 
        [
            -136.6251678466797, 
            -11.771280288696289, 
            207.93466186523438
        ], 
        [
            -241.0693359375, 
            -6.6562957763671875, 
            202.20384216308594
        ], 
        [
            -342.93206787109375, 
            9.872264862060547, 
            4.2842512130737305
        ], 
        [
            -221.0800323486328, 
            -2.7073874473571777, 
            49.650020599365234
        ], 
        [
            -154.58848571777344, 
            -5.105037689208984, 
            47.17842102050781
        ], 
        [
            -111.49905395507812, 
            -11.088245391845703, 
            -124.1666030883789
        ], 
        [
            236.15576171875, 
            5.215824127197266, 
            -115.63735961914062
        ], 
        [
            151.0745086669922, 
            7.1405439376831055, 
            117.19556427001953
        ], 
        [
            70.01995849609375, 
            -1.5331332683563232, 
            83.12355041503906
        ], 
        [
            -29.737567901611328, 
            -9.520734786987305, 
            -20.411884307861328
        ]
    ], 
    "3": [
        [
            358.4550476074219, 
            11.81961727142334, 
            -489.37249755859375
        ], 
        [
            355.2428894042969, 
            11.95352554321289, 
            -447.498046875
        ], 
        [
            316.455810546875, 
            11.784407615661621, 
            -432.13153076171875
        ], 
        [
            360.0995788574219, 
            11.830217361450195, 
            -405.7434387207031
        ], 
        [
            411.5881652832031, 
            11.829572677612305, 
            -403.660888671875
        ], 
        [
            431.602783203125, 
            11.922327041625977, 
            -386.51318359375
        ], 
        [
            484.97991943359375, 
            11.769647598266602, 
            -401.6273193359375
        ], 
        [
            488.18994140625, 
            11.796646118164062, 
            -451.332275390625
        ]
    ]
}