{
    "1": [
        [
            -341.3028869628906, 
            0.9226863980293274, 
            -126.50843811035156
        ], 
        [
            -359.65179443359375, 
            -0.9966172575950623, 
            -116.24061584472656
        ], 
        [
            -299.47442626953125, 
            -0.437735915184021, 
            -104.07442474365234
        ], 
        [
            -219.88381958007812, 
            4.273514747619629, 
            -194.89871215820312
        ], 
        [
            -271.4032287597656, 
            -0.1410360336303711, 
            381.7861328125
        ], 
        [
            -158.4241485595703, 
            -0.2629266083240509, 
            413.4432373046875
        ], 
        [
            -157.4583740234375, 
            2.8108534812927246, 
            399.9185485839844
        ], 
        [
            -137.7135467529297, 
            -2.376342535018921, 
            384.08740234375
        ], 
        [
            107.26383972167969, 
            2.102562665939331, 
            309.16851806640625
        ], 
        [
            -34.0861701965332, 
            -2.6043028831481934, 
            342.86273193359375
        ], 
        [
            466.0857849121094, 
            -8.035080909729004, 
            122.81759643554688
        ], 
        [
            185.33016967773438, 
            -2.988816738128662, 
            -461.79425048828125
        ], 
        [
            -271.0914306640625, 
            -1.749192476272583, 
            -86.32662963867188
        ], 
        [
            281.4081115722656, 
            -0.8902013301849365, 
            227.43484497070312
        ], 
        [
            167.92588806152344, 
            -3.988037109375, 
            -457.49365234375
        ], 
        [
            -5.415182113647461, 
            -5.538077354431152, 
            -154.83709716796875
        ]
    ], 
    "2": [
        [
            -36.838768005371094, 
            -10.601320266723633, 
            -39.549072265625
        ], 
        [
            0.20172260701656342, 
            -5.336657524108887, 
            -159.07676696777344
        ], 
        [
            -440.525390625, 
            10.205885887145996, 
            243.98509216308594
        ], 
        [
            200.57510375976562, 
            -8.973938941955566, 
            97.74674987792969
        ], 
        [
            130.1778564453125, 
            -6.785187721252441, 
            112.30513000488281
        ], 
        [
            -210.94808959960938, 
            -6.527217864990234, 
            -3.5658485889434814
        ], 
        [
            -137.3839874267578, 
            -7.601263999938965, 
            162.14344787597656
        ], 
        [
            -311.37908935546875, 
            3.455371379852295, 
            314.6512145996094
        ], 
        [
            -409.46563720703125, 
            1.4619415998458862, 
            59.98305130004883
        ], 
        [
            -303.9623718261719, 
            -17.82746696472168, 
            154.7353515625
        ], 
        [
            -227.5103759765625, 
            -19.178218841552734, 
            133.6309814453125
        ], 
        [
            -129.01004028320312, 
            -13.033538818359375, 
            83.84864807128906
        ]
    ], 
    "3": [
        [
            387.1372985839844, 
            -11.200311660766602, 
            -124.4686050415039
        ], 
        [
            300.9258728027344, 
            -12.58263874053955, 
            -245.53297424316406
        ], 
        [
            342.05633544921875, 
            -13.958317756652832, 
            -195.6001434326172
        ], 
        [
            397.6622314453125, 
            -11.40699577331543, 
            -102.50141906738281
        ], 
        [
            290.85400390625, 
            -12.26235580444336, 
            -197.45437622070312
        ], 
        [
            -409.65777587890625, 
            7.559242248535156, 
            260.14849853515625
        ], 
        [
            -430.67669677734375, 
            5.033456325531006, 
            188.08120727539062
        ], 
        [
            -467.8846740722656, 
            4.774604797363281, 
            226.59339904785156
        ], 
        [
            -432.21136474609375, 
            5.5196638107299805, 
            289.051513671875
        ], 
        [
            375.3597717285156, 
            -10.932352066040039, 
            -28.971004486083984
        ], 
        [
            338.8968811035156, 
            -11.45949935913086, 
            -173.52313232421875
        ], 
        [
            300.19854736328125, 
            -11.46255111694336, 
            -154.2721405029297
        ], 
        [
            346.26544189453125, 
            -10.357091903686523, 
            -94.30516052246094
        ], 
        [
            280.00048828125, 
            -4.2573089599609375, 
            -170.21139526367188
        ], 
        [
            353.5022888183594, 
            -3.754183530807495, 
            -3.983262300491333
        ]
    ]
}