{
    "1": [
        [
            314.2646484375, 
            16.168912887573242, 
            -350.6696472167969
        ], 
        [
            293.15277099609375, 
            13.537130355834961, 
            -322.89984130859375
        ], 
        [
            331.4183654785156, 
            17.101898193359375, 
            310.645751953125
        ], 
        [
            312.8465270996094, 
            17.047435760498047, 
            302.9442138671875
        ], 
        [
            -113.66423034667969, 
            12.675823211669922, 
            -243.56634521484375
        ], 
        [
            -32.90411376953125, 
            12.118297576904297, 
            -64.06607055664062
        ], 
        [
            -84.47797393798828, 
            11.512824058532715, 
            44.25844955444336
        ], 
        [
            -362.91937255859375, 
            12.070710182189941, 
            293.59039306640625
        ], 
        [
            -182.49937438964844, 
            14.02933120727539, 
            361.5848083496094
        ], 
        [
            175.803466796875, 
            12.501558303833008, 
            -141.40304565429688
        ]
    ], 
    "2": [
        [
            100.86333465576172, 
            16.819438934326172, 
            -95.92045593261719
        ], 
        [
            276.2539978027344, 
            16.375629425048828, 
            -5.7042927742004395
        ], 
        [
            281.8833923339844, 
            16.347761154174805, 
            20.846988677978516
        ], 
        [
            145.50146484375, 
            15.674444198608398, 
            148.26406860351562
        ], 
        [
            99.3936996459961, 
            18.726503372192383, 
            32.81260299682617
        ], 
        [
            -14.191822052001953, 
            15.71650505065918, 
            100.0016860961914
        ]
    ], 
    "3": [
        [
            334.33984375, 
            17.381458282470703, 
            311.61407470703125
        ], 
        [
            -336.7872009277344, 
            9.751151084899902, 
            130.80892944335938
        ], 
        [
            -357.88433837890625, 
            7.254983901977539, 
            77.91397094726562
        ], 
        [
            -373.2149353027344, 
            7.795163631439209, 
            121.1793212890625
        ], 
        [
            -385.333251953125, 
            11.895547866821289, 
            -108.80696868896484
        ], 
        [
            -369.8271789550781, 
            11.658172607421875, 
            -78.86479187011719
        ], 
        [
            -382.46417236328125, 
            10.647554397583008, 
            -5.938344955444336
        ], 
        [
            -341.25140380859375, 
            8.315929412841797, 
            39.292606353759766
        ], 
        [
            -372.4955139160156, 
            11.501895904541016, 
            -106.80964660644531
        ], 
        [
            318.8812255859375, 
            12.899893760681152, 
            -65.22419738769531
        ], 
        [
            288.525634765625, 
            12.94383430480957, 
            -49.912837982177734
        ], 
        [
            307.6438903808594, 
            11.797880172729492, 
            60.97993469238281
        ], 
        [
            323.5250244140625, 
            11.977325439453125, 
            36.21862030029297
        ]
    ]
}