{
    "1": [
        [
            -292.9001770019531, 
            18.518217086791992, 
            -275.55010986328125
        ], 
        [
            -335.0377197265625, 
            17.694583892822266, 
            -287.6413269042969
        ], 
        [
            -366.17041015625, 
            14.334537506103516, 
            -303.96856689453125
        ], 
        [
            -499.0108947753906, 
            4.509121417999268, 
            -329.47576904296875
        ], 
        [
            -342.2142639160156, 
            16.604084014892578, 
            261.6422119140625
        ], 
        [
            -354.5213317871094, 
            14.59776496887207, 
            298.5406799316406
        ], 
        [
            -299.7362976074219, 
            16.580015182495117, 
            259.95404052734375
        ], 
        [
            -235.71231079101562, 
            2.29093861579895, 
            263.71722412109375
        ], 
        [
            288.3275451660156, 
            0.39216113090515137, 
            -222.8197479248047
        ], 
        [
            -480.6318664550781, 
            4.505401611328125, 
            321.3016662597656
        ], 
        [
            292.1443786621094, 
            -1.227390170097351, 
            216.42742919921875
        ]
    ], 
    "2": [
        [
            -483.8233337402344, 
            17.701904296875, 
            -39.182193756103516
        ], 
        [
            -470.08001708984375, 
            17.60599708557129, 
            63.58293914794922
        ], 
        [
            -310.5303649902344, 
            3.6066412925720215, 
            21.002817153930664
        ], 
        [
            -246.80584716796875, 
            0.9709157347679138, 
            52.912662506103516
        ], 
        [
            -131.96688842773438, 
            0.6543747186660767, 
            29.554237365722656
        ], 
        [
            -100.93600463867188, 
            -0.14548416435718536, 
            89.59820556640625
        ], 
        [
            -147.4240264892578, 
            0.8674695491790771, 
            -88.39006805419922
        ], 
        [
            -330.779541015625, 
            9.592926025390625, 
            143.03240966796875
        ], 
        [
            -402.27545166015625, 
            9.33051586151123, 
            -14.908207893371582
        ]
    ], 
    "3": [
        [
            230.6822052001953, 
            -0.6387814283370972, 
            102.1712875366211
        ], 
        [
            415.5951843261719, 
            0.02539951354265213, 
            91.0394515991211
        ], 
        [
            417.4780578613281, 
            0.026634976267814636, 
            -102.35855865478516
        ], 
        [
            225.4585418701172, 
            0.24781078100204468, 
            -98.3817138671875
        ], 
        [
            163.4069366455078, 
            0.32110774517059326, 
            -83.02892303466797
        ], 
        [
            150.8219451904297, 
            0.20014838874340057, 
            -97.3509292602539
        ], 
        [
            94.999267578125, 
            0.019100844860076904, 
            -101.88314819335938
        ], 
        [
            159.4150390625, 
            -0.40010523796081543, 
            107.54622650146484
        ], 
        [
            176.31552124023438, 
            -0.2799661457538605, 
            95.53077697753906
        ], 
        [
            102.49049377441406, 
            0.0056875646114349365, 
            108.27894592285156
        ], 
        [
            56.67422103881836, 
            -0.16950291395187378, 
            130.134521484375
        ], 
        [
            46.467689514160156, 
            -0.24081473052501678, 
            -116.01994323730469
        ]
    ]
}