{
    "1": [
        [
            10.469829559326172, 
            16.00818634033203, 
            460.5402526855469
        ], 
        [
            355.35247802734375, 
            11.996513366699219, 
            434.0675354003906
        ], 
        [
            293.974853515625, 
            12.013374328613281, 
            419.6669006347656
        ], 
        [
            -282.944091796875, 
            3.07835054397583, 
            -439.075439453125
        ], 
        [
            146.11451721191406, 
            9.8666410446167, 
            -332.1721496582031
        ], 
        [
            352.4986572265625, 
            9.991905212402344, 
            -474.1450500488281
        ], 
        [
            -36.3775634765625, 
            5.890307903289795, 
            -323.7146301269531
        ], 
        [
            -73.29886627197266, 
            5.300168514251709, 
            263.52850341796875
        ], 
        [
            -282.2220764160156, 
            6.018573760986328, 
            226.88607788085938
        ], 
        [
            96.03186798095703, 
            16.00943946838379, 
            471.7582702636719
        ], 
        [
            -453.3477783203125, 
            14.4736328125, 
            -82.68527221679688
        ], 
        [
            -509.1736145019531, 
            18.308536529541016, 
            -42.98420333862305
        ], 
        [
            -509.2285461425781, 
            18.93013572692871, 
            54.150718688964844
        ], 
        [
            -454.3188171386719, 
            16.639572143554688, 
            59.041282653808594
        ], 
        [
            -453.4061279296875, 
            5.567997455596924, 
            486.37957763671875
        ], 
        [
            -429.0045471191406, 
            6.97515869140625, 
            479.46734619140625
        ], 
        [
            193.02734375, 
            6.081225395202637, 
            250.03671264648438
        ], 
        [
            219.11734008789062, 
            7.439966201782227, 
            -235.91917419433594
        ]
    ], 
    "2": [
        [
            -64.9537353515625, 
            5.702210903167725, 
            260.4161071777344
        ], 
        [
            -18.436368942260742, 
            1.0059106349945068, 
            103.36325073242188
        ], 
        [
            -240.45098876953125, 
            9.12328815460205, 
            -46.51142120361328
        ], 
        [
            -119.07722473144531, 
            1.9259204864501953, 
            -121.21257019042969
        ], 
        [
            36.57622528076172, 
            1.9917526245117188, 
            -119.06124877929688
        ], 
        [
            -43.585811614990234, 
            5.577394008636475, 
            -229.79684448242188
        ], 
        [
            -145.06304931640625, 
            5.471981048583984, 
            232.24716186523438
        ], 
        [
            -338.6103210449219, 
            11.946637153625488, 
            41.396297454833984
        ], 
        [
            119.2421875, 
            3.0031135082244873, 
            61.344749450683594
        ]
    ], 
    "3": [
        [
            214.19789123535156, 
            4.982743740081787, 
            105.2364730834961
        ], 
        [
            306.7012634277344, 
            6.014321327209473, 
            133.2615509033203
        ], 
        [
            355.25360107421875, 
            6.073740482330322, 
            114.54309844970703
        ], 
        [
            391.2463073730469, 
            6.163088798522949, 
            12.353669166564941
        ], 
        [
            391.43896484375, 
            6.011284828186035, 
            -15.459228515625
        ], 
        [
            354.5828552246094, 
            6.012453079223633, 
            -118.55330657958984
        ], 
        [
            304.6661376953125, 
            6.017830848693848, 
            -122.07034301757812
        ], 
        [
            214.21920776367188, 
            4.220048904418945, 
            -26.729114532470703
        ]
    ]
}