{
    "1": [
        [
            -168.160400390625, 
            22.952314376831055, 
            -306.4222106933594
        ], 
        [
            -25.616436004638672, 
            -9.880325317382812, 
            -188.05206298828125
        ], 
        [
            228.43309020996094, 
            27.949026107788086, 
            -254.190673828125
        ], 
        [
            281.8081970214844, 
            38.57984161376953, 
            -246.43643188476562
        ], 
        [
            344.06072998046875, 
            35.91888427734375, 
            -244.06883239746094
        ], 
        [
            223.10037231445312, 
            28.121822357177734, 
            -15.855027198791504
        ], 
        [
            246.56346130371094, 
            27.465415954589844, 
            98.01020050048828
        ], 
        [
            189.68753051757812, 
            26.04025650024414, 
            204.3728485107422
        ], 
        [
            180.51072692871094, 
            27.3618106842041, 
            131.53956604003906
        ], 
        [
            191.1919708251953, 
            25.796340942382812, 
            231.07696533203125
        ], 
        [
            192.11016845703125, 
            25.43048095703125, 
            329.19403076171875
        ], 
        [
            67.09697723388672, 
            -2.5103800296783447, 
            265.428466796875
        ], 
        [
            -25.811416625976562, 
            -1.0059318542480469, 
            247.0506134033203
        ], 
        [
            -215.50933837890625, 
            27.64307975769043, 
            218.50961303710938
        ], 
        [
            -334.1552429199219, 
            41.29261779785156, 
            179.51866149902344
        ], 
        [
            -209.53750610351562, 
            26.307016372680664, 
            39.709686279296875
        ], 
        [
            -201.37318420410156, 
            27.16020393371582, 
            -57.825870513916016
        ], 
        [
            -204.00901794433594, 
            27.032424926757812, 
            -97.43067932128906
        ], 
        [
            -191.56539916992188, 
            26.095699310302734, 
            -144.92587280273438
        ]
    ], 
    "2": [
        [
            137.20635986328125, 
            5.82680606842041, 
            -139.57200622558594
        ], 
        [
            -134.23074340820312, 
            9.297675132751465, 
            142.5054473876953
        ], 
        [
            -331.56427001953125, 
            41.404850006103516, 
            183.02993774414062
        ]
    ], 
    "3": [
        [
            310.7236633300781, 
            27.858421325683594, 
            42.89653778076172
        ]
    ]
}