{
    "1": [
        [
            -235.54925537109375, 
            1.3962982892990112, 
            -244.57557678222656
        ], 
        [
            -193.18125915527344, 
            1.1809630393981934, 
            244.46331787109375
        ], 
        [
            -279.4730224609375, 
            1.1241328716278076, 
            359.8782043457031
        ], 
        [
            374.9478759765625, 
            46.32594299316406, 
            167.50613403320312
        ], 
        [
            362.5773010253906, 
            45.714576721191406, 
            -65.24922180175781
        ], 
        [
            -132.92701721191406, 
            1.1572258472442627, 
            -151.20338439941406
        ], 
        [
            -134.77296447753906, 
            1.144077181816101, 
            -85.80042266845703
        ], 
        [
            -140.54669189453125, 
            1.2932870388031006, 
            222.63955688476562
        ], 
        [
            -163.22352600097656, 
            1.1334846019744873, 
            216.71255493164062
        ], 
        [
            -104.6745376586914, 
            1.1270496845245361, 
            281.5721130371094
        ]
    ], 
    "2": [
        [
            -290.4202575683594, 
            1.121424913406372, 
            54.73616409301758
        ], 
        [
            365.40228271484375, 
            48.78453826904297, 
            22.082489013671875
        ], 
        [
            281.02880859375, 
            45.359745025634766, 
            105.59930419921875
        ], 
        [
            271.12506103515625, 
            47.32276916503906, 
            -4.083297252655029
        ]
    ], 
    "3": [
        [
            205.7695770263672, 
            1.1100000143051147, 
            172.6533966064453
        ], 
        [
            185.7667694091797, 
            1.110702633857727, 
            106.36790466308594
        ], 
        [
            181.45489501953125, 
            1.3299310207366943, 
            -49.35769271850586
        ], 
        [
            174.92994689941406, 
            1.1139838695526123, 
            56.36585235595703
        ], 
        [
            -108.45630645751953, 
            1.1122599840164185, 
            161.25479125976562
        ], 
        [
            -157.52581787109375, 
            1.112221598625183, 
            134.35231018066406
        ], 
        [
            -184.114013671875, 
            1.1133458614349365, 
            -162.31884765625
        ], 
        [
            -185.3221893310547, 
            1.1124471426010132, 
            -188.12298583984375
        ], 
        [
            -127.1075439453125, 
            1.1179834604263306, 
            -49.55314636230469
        ], 
        [
            -173.63363647460938, 
            1.1179168224334717, 
            9.534553527832031
        ], 
        [
            -163.9021453857422, 
            1.1112229824066162, 
            221.07290649414062
        ], 
        [
            208.1605987548828, 
            1.1954976320266724, 
            -94.4465103149414
        ], 
        [
            180.43052673339844, 
            1.2100098133087158, 
            -100.25457000732422
        ]
    ]
}