{
    "1": [
        [
            -235.54925537109375, 
            1.3962982892990112, 
            -244.57557678222656
        ], 
        [
            -193.18125915527344, 
            1.1809630393981934, 
            244.46331787109375
        ], 
        [
            -279.4730224609375, 
            1.1241328716278076, 
            359.8782043457031
        ], 
        [
            374.9478759765625, 
            46.32594299316406, 
            167.50613403320312
        ], 
        [
            362.5773010253906, 
            45.714576721191406, 
            -65.24922180175781
        ], 
        [
            -132.92701721191406, 
            1.1572258472442627, 
            -151.20338439941406
        ], 
        [
            -134.77296447753906, 
            1.144077181816101, 
            -85.80042266845703
        ], 
        [
            -125.2535629272461, 
            1.1222796440124512, 
            -52.08039093017578
        ], 
        [
            -140.54669189453125, 
            1.2932870388031006, 
            222.63955688476562
        ], 
        [
            -163.22352600097656, 
            1.1334846019744873, 
            216.71255493164062
        ], 
        [
            -104.6745376586914, 
            1.1270496845245361, 
            281.5721130371094
        ]
    ], 
    "2": [
        [
            -290.4202575683594, 
            1.121424913406372, 
            54.73616409301758
        ], 
        [
            365.40228271484375, 
            48.78453826904297, 
            22.082489013671875
        ]
    ], 
    "3": [
        [
            205.7695770263672, 
            1.1100000143051147, 
            172.6533966064453
        ], 
        [
            185.7667694091797, 
            1.110702633857727, 
            106.36790466308594
        ], 
        [
            181.45489501953125, 
            1.3299310207366943, 
            -49.35769271850586
        ], 
        [
            186.70619201660156, 
            1.1184452772140503, 
            91.9561996459961
        ], 
        [
            174.92994689941406, 
            1.1139838695526123, 
            56.36585235595703
        ]
    ]
}