{
    "1": [
        [
            -379.52362060546875, 
            8.493890762329102, 
            190.09869384765625
        ], 
        [
            -360.6071472167969, 
            9.702387809753418, 
            -267.1453552246094
        ], 
        [
            -296.4564208984375, 
            10.654078483581543, 
            -422.71844482421875
        ], 
        [
            185.2021026611328, 
            11.969927787780762, 
            -339.4804382324219
        ], 
        [
            454.45062255859375, 
            35.881282806396484, 
            -249.43679809570312
        ], 
        [
            487.55902099609375, 
            32.604156494140625, 
            -74.59092712402344
        ], 
        [
            354.4579772949219, 
            12.58025074005127, 
            324.619384765625
        ], 
        [
            62.73521041870117, 
            12.09548282623291, 
            379.9538879394531
        ], 
        [
            36.87141799926758, 
            10.068023681640625, 
            42.37248229980469
        ], 
        [
            27.812053680419922, 
            10.505361557006836, 
            -8.327253341674805
        ], 
        [
            -358.5337219238281, 
            8.509429931640625, 
            306.18194580078125
        ], 
        [
            -499.2535095214844, 
            15.612913131713867, 
            273.80950927734375
        ]
    ], 
    "2": [
        [
            -462.50640869140625, 
            14.083772659301758, 
            103.69519805908203
        ], 
        [
            -480.2544860839844, 
            18.382850646972656, 
            42.22637939453125
        ], 
        [
            -438.40667724609375, 
            7.930006980895996, 
            -37.41429901123047
        ], 
        [
            361.5289611816406, 
            24.564111709594727, 
            -136.65896606445312
        ], 
        [
            399.4544677734375, 
            28.16355323791504, 
            -75.01187133789062
        ], 
        [
            -461.560791015625, 
            10.431781768798828, 
            210.95297241210938
        ]
    ]
}