{
    "1": [
        [
            -360.6071472167969, 
            9.702387809753418, 
            -267.1453552246094
        ], 
        [
            -296.4564208984375, 
            10.654078483581543, 
            -422.71844482421875
        ], 
        [
            185.2021026611328, 
            11.969927787780762, 
            -339.4804382324219
        ], 
        [
            454.45062255859375, 
            35.881282806396484, 
            -249.43679809570312
        ], 
        [
            487.55902099609375, 
            32.604156494140625, 
            -74.59092712402344
        ], 
        [
            354.4579772949219, 
            12.58025074005127, 
            324.619384765625
        ], 
        [
            62.73521041870117, 
            12.09548282623291, 
            379.9538879394531
        ], 
        [
            -358.5337219238281, 
            8.509429931640625, 
            306.18194580078125
        ], 
        [
            -499.2535095214844, 
            15.612913131713867, 
            273.80950927734375
        ], 
        [
            -300.9419250488281, 
            10.45519733428955, 
            436.23345947265625
        ], 
        [
            -434.96417236328125, 
            5.611711502075195, 
            364.4212341308594
        ], 
        [
            96.11976623535156, 
            6.008066654205322, 
            303.946044921875
        ]
    ], 
    "2": [
        [
            -462.50640869140625, 
            14.083772659301758, 
            103.69519805908203
        ], 
        [
            -480.2544860839844, 
            18.382850646972656, 
            42.22637939453125
        ], 
        [
            -438.40667724609375, 
            7.930006980895996, 
            -37.41429901123047
        ], 
        [
            361.5289611816406, 
            24.564111709594727, 
            -136.65896606445312
        ], 
        [
            399.4544677734375, 
            28.16355323791504, 
            -75.01187133789062
        ], 
        [
            -461.560791015625, 
            10.431781768798828, 
            210.95297241210938
        ], 
        [
            -418.7761535644531, 
            6.881094455718994, 
            88.49889373779297
        ], 
        [
            -347.6810607910156, 
            10.943940162658691, 
            31.006816864013672
        ], 
        [
            -348.58221435546875, 
            10.72709846496582, 
            39.198368072509766
        ], 
        [
            -75.78073120117188, 
            12.046843528747559, 
            4.168400764465332
        ], 
        [
            -15.3189058303833, 
            12.323677062988281, 
            6.569485664367676
        ], 
        [
            -135.0417938232422, 
            11.065942764282227, 
            5.216251373291016
        ], 
        [
            -212.10208129882812, 
            11.334807395935059, 
            9.142529487609863
        ], 
        [
            193.79855346679688, 
            5.314724922180176, 
            -172.9427490234375
        ]
    ], 
    "3": [
        [
            -248.5848846435547, 
            7.443668365478516, 
            -73.1175765991211
        ], 
        [
            -276.4014892578125, 
            8.054647445678711, 
            -79.16826629638672
        ], 
        [
            -322.4473571777344, 
            8.787236213684082, 
            83.71260833740234
        ], 
        [
            -285.7777404785156, 
            8.542105674743652, 
            78.48725891113281
        ], 
        [
            36.033443450927734, 
            9.927738189697266, 
            46.638084411621094
        ], 
        [
            30.023395538330078, 
            9.972097396850586, 
            -17.830669403076172
        ], 
        [
            -26.925752639770508, 
            8.597804069519043, 
            -32.35832977294922
        ], 
        [
            -22.21278953552246, 
            9.36567211151123, 
            44.90663146972656
        ], 
        [
            480.982177734375, 
            31.97370719909668, 
            -70.59925842285156
        ], 
        [
            466.223388671875, 
            36.517276763916016, 
            -239.49734497070312
        ], 
        [
            495.41131591796875, 
            33.12262725830078, 
            -119.73059844970703
        ]
    ]
}