{
    "1": [
        [
            -288.66162109375, 
            1.8851778507232666, 
            -257.1138610839844
        ], 
        [
            11.552542686462402, 
            0.8336408138275146, 
            -201.3948211669922
        ], 
        [
            288.0843505859375, 
            5.11257266998291, 
            -273.7641906738281
        ], 
        [
            247.5, 
            7.118203163146973, 
            98.97512817382812
        ], 
        [
            237.07443237304688, 
            6.742827415466309, 
            247.63954162597656
        ], 
        [
            -48.64113998413086, 
            0.6270476579666138, 
            216.18017578125
        ], 
        [
            -48.538822174072266, 
            1.2087044715881348, 
            61.32764434814453
        ], 
        [
            -112.27354431152344, 
            1.1985985040664673, 
            60.43706512451172
        ], 
        [
            -272.1473388671875, 
            4.858717918395996, 
            185.6614990234375
        ], 
        [
            -287.3590393066406, 
            1.5054998397827148, 
            194.9883575439453
        ], 
        [
            -124.79072570800781, 
            1.0522940158843994, 
            -207.42117309570312
        ]
    ], 
    "2": [
        [
            294.038818359375, 
            6.015329360961914, 
            -201.21444702148438
        ], 
        [
            291.7929382324219, 
            5.996308326721191, 
            -105.2010269165039
        ], 
        [
            268.31781005859375, 
            8.703598976135254, 
            18.6658878326416
        ], 
        [
            76.53954315185547, 
            0.7052487134933472, 
            -28.37303924560547
        ]
    ], 
    "3": [
        [
            -178.37294006347656, 
            1.1836334466934204, 
            52.477783203125
        ], 
        [
            -103.06564331054688, 
            1.1410694122314453, 
            58.87830352783203
        ], 
        [
            -273.90264892578125, 
            4.773471355438232, 
            187.02865600585938
        ]
    ]
}