{
    "1": [
        [
            -77.96321868896484, 
            9.251184463500977, 
            198.73526000976562
        ], 
        [
            73.4062728881836, 
            5.9749250411987305, 
            371.5930480957031
        ], 
        [
            12.679085731506348, 
            4.69744348526001, 
            -345.4820861816406
        ], 
        [
            -88.14237213134766, 
            11.526598930358887, 
            -125.69693756103516
        ], 
        [
            152.42916870117188, 
            -4.8564653396606445, 
            202.38430786132812
        ], 
        [
            -293.3695983886719, 
            9.407489776611328, 
            -343.5540466308594
        ], 
        [
            -336.21893310546875, 
            8.049744606018066, 
            309.1863708496094
        ]
    ], 
    "2": [
        [
            144.17002868652344, 
            -4.902379512786865, 
            185.26031494140625
        ], 
        [
            130.85255432128906, 
            -5.013706207275391, 
            60.793006896972656
        ], 
        [
            130.0770263671875, 
            -5.029146194458008, 
            -50.0850944519043
        ], 
        [
            87.16028594970703, 
            -4.877886772155762, 
            -180.56712341308594
        ], 
        [
            38.324180603027344, 
            -4.738099575042725, 
            -222.2799835205078
        ], 
        [
            -117.20350646972656, 
            10.033546447753906, 
            48.304222106933594
        ], 
        [
            51.31011962890625, 
            -2.6454238891601562, 
            210.01181030273438
        ], 
        [
            97.28857421875, 
            -5.427811145782471, 
            -114.82835388183594
        ]
    ], 
    "3": [
        [
            -270.01287841796875, 
            14.397503852844238, 
            128.17494201660156
        ], 
        [
            -378.27459716796875, 
            17.123701095581055, 
            204.3668212890625
        ], 
        [
            -301.8724670410156, 
            16.036470413208008, 
            -3.0907604694366455
        ], 
        [
            -275.407958984375, 
            7.781498432159424, 
            -236.3350830078125
        ], 
        [
            -304.0430603027344, 
            13.677384376525879, 
            -35.63071060180664
        ]
    ]
}