{
    "1": [
        [
            350.51202392578125, 
            11.863445281982422, 
            289.3824768066406
        ], 
        [
            168.75514221191406, 
            8.240497589111328, 
            382.7088928222656
        ], 
        [
            136.57647705078125, 
            8.206075668334961, 
            371.5919494628906
        ], 
        [
            338.8590087890625, 
            11.81036376953125, 
            -200.14047241210938
        ], 
        [
            336.87933349609375, 
            11.534746170043945, 
            -332.6606750488281
        ], 
        [
            260.69482421875, 
            5.168506622314453, 
            -310.3865661621094
        ], 
        [
            81.4563217163086, 
            2.4570610523223877, 
            -298.06982421875
        ], 
        [
            -177.88668823242188, 
            1.6388875246047974, 
            -130.89219665527344
        ], 
        [
            -380.432861328125, 
            0.9184038639068604, 
            -127.1071548461914
        ], 
        [
            -215.23570251464844, 
            3.0250086784362793, 
            121.41334533691406
        ], 
        [
            -373.49462890625, 
            0.9880812168121338, 
            49.03855895996094
        ], 
        [
            -307.7361145019531, 
            1.9380861520767212, 
            10.066275596618652
        ], 
        [
            -257.9463806152344, 
            1.796964168548584, 
            -79.361083984375
        ], 
        [
            -312.16180419921875, 
            1.9021236896514893, 
            -117.90803527832031
        ], 
        [
            202.7890625, 
            9.472911834716797, 
            77.04998016357422
        ], 
        [
            213.37159729003906, 
            3.903305768966675, 
            -161.50872802734375
        ], 
        [
            82.58200073242188, 
            0.8237566947937012, 
            -211.97879028320312
        ]
    ], 
    "2": [
        [
            143.80133056640625, 
            8.670913696289062, 
            54.80099105834961
        ], 
        [
            147.89523315429688, 
            8.162564277648926, 
            10.338637351989746
        ], 
        [
            240.67990112304688, 
            11.725534439086914, 
            8.949191093444824
        ], 
        [
            239.89175415039062, 
            12.252809524536133, 
            64.92138671875
        ], 
        [
            118.45851135253906, 
            6.454219818115234, 
            -34.75822067260742
        ]
    ], 
    "3": [
        [
            -267.4770812988281, 
            1.6814544200897217, 
            -65.31498718261719
        ], 
        [
            -378.4821472167969, 
            0.9158753752708435, 
            -127.7593994140625
        ], 
        [
            -365.9603271484375, 
            2.854717969894409, 
            159.7587890625
        ]
    ]
}