{
    "1": [
        [
            333.1640319824219, 
            91.48204040527344, 
            72.31675720214844
        ], 
        [
            -200.41725158691406, 
            34.20969009399414, 
            -484.8887634277344
        ], 
        [
            -191.25144958496094, 
            34.809532165527344, 
            473.7618103027344
        ], 
        [
            447.33636474609375, 
            88.80657958984375, 
            354.66656494140625
        ], 
        [
            443.8368225097656, 
            92.48943328857422, 
            -42.456661224365234
        ], 
        [
            370.0250549316406, 
            83.75218963623047, 
            -484.7801208496094
        ], 
        [
            478.43280029296875, 
            82.8775863647461, 
            -334.78363037109375
        ], 
        [
            504.7970886230469, 
            89.81320190429688, 
            497.0925598144531
        ], 
        [
            392.8611145019531, 
            90.73271179199219, 
            -62.2024040222168
        ], 
        [
            506.40948486328125, 
            92.0431137084961, 
            -25.462846755981445
        ], 
        [
            574.2735595703125, 
            90.94446563720703, 
            23.200647354125977
        ], 
        [
            501.5266418457031, 
            90.78807830810547, 
            46.17564010620117
        ], 
        [
            446.98480224609375, 
            93.2504653930664, 
            47.376556396484375
        ], 
        [
            553.7904663085938, 
            87.81781005859375, 
            186.614990234375
        ], 
        [
            465.82769775390625, 
            88.83103942871094, 
            293.1756286621094
        ]
    ], 
    "2": [
        [
            217.48794555664062, 
            89.81617736816406, 
            -126.9686279296875
        ], 
        [
            216.8494873046875, 
            87.71047973632812, 
            113.90240478515625
        ], 
        [
            58.100914001464844, 
            86.26417541503906, 
            5.216939926147461
        ]
    ], 
    "3": [
        [
            -286.2887878417969, 
            24.2653865814209, 
            38.65303039550781
        ]
    ]
}