{
    "1": [
        [
            391.9494934082031, 
            90.17329406738281, 
            -60.16936492919922
        ], 
        [
            500.22283935546875, 
            92.9267578125, 
            46.178688049316406
        ], 
        [
            333.1640319824219, 
            91.48204040527344, 
            72.31675720214844
        ], 
        [
            -200.41725158691406, 
            34.20969009399414, 
            -484.8887634277344
        ], 
        [
            -191.25144958496094, 
            34.809532165527344, 
            473.7618103027344
        ], 
        [
            447.33636474609375, 
            88.80657958984375, 
            354.66656494140625
        ], 
        [
            465.20684814453125, 
            91.19725036621094, 
            293.7997131347656
        ], 
        [
            553.4869384765625, 
            92.74034881591797, 
            187.50289916992188
        ], 
        [
            575.5874633789062, 
            92.9114761352539, 
            24.705646514892578
        ], 
        [
            504.68560791015625, 
            93.62787628173828, 
            -25.7340145111084
        ], 
        [
            443.8368225097656, 
            92.48943328857422, 
            -42.456661224365234
        ], 
        [
            444.85784912109375, 
            95.05982971191406, 
            47.30237579345703
        ], 
        [
            370.0250549316406, 
            83.75218963623047, 
            -484.7801208496094
        ], 
        [
            478.43280029296875, 
            82.8775863647461, 
            -334.78363037109375
        ], 
        [
            504.7970886230469, 
            89.81320190429688, 
            497.0925598144531
        ]
    ], 
    "2": [
        [
            217.48794555664062, 
            89.81617736816406, 
            -126.9686279296875
        ], 
        [
            216.8494873046875, 
            87.71047973632812, 
            113.90240478515625
        ], 
        [
            58.100914001464844, 
            86.26417541503906, 
            5.216939926147461
        ]
    ], 
    "3": [
        [
            -286.2887878417969, 
            24.2653865814209, 
            38.65303039550781
        ]
    ]
}