{
    "1": [
        [
            -227.60211181640625, 
            10.016820907592773, 
            143.46644592285156
        ], 
        [
            213.03372192382812, 
            9.959407806396484, 
            141.28482055664062
        ], 
        [
            109.45020294189453, 
            13.340898513793945, 
            -351.0534973144531
        ], 
        [
            -182.87835693359375, 
            12.527759552001953, 
            -364.90869140625
        ], 
        [
            287.2712707519531, 
            3.5158565044403076, 
            263.2304382324219
        ], 
        [
            228.12725830078125, 
            9.030271530151367, 
            -58.44845962524414
        ], 
        [
            -40.85363006591797, 
            12.911221504211426, 
            -334.0794677734375
        ]
    ], 
    "2": [
        [
            -133.18446350097656, 
            6.589544773101807, 
            233.46609497070312
        ], 
        [
            117.25601196289062, 
            5.958268165588379, 
            239.23797607421875
        ], 
        [
            -114.91632080078125, 
            1.0277732610702515, 
            360.6356201171875
        ], 
        [
            91.93150329589844, 
            1.0540885925292969, 
            363.93792724609375
        ]
    ], 
    "3": [
        [
            -78.82649230957031, 
            4.644310474395752, 
            -381.2933349609375
        ], 
        [
            172.41305541992188, 
            9.006282806396484, 
            -191.52548217773438
        ]
    ]
}