{
    "1": [
        [
            -227.60211181640625, 
            10.016820907592773, 
            143.46644592285156
        ], 
        [
            213.03372192382812, 
            9.959407806396484, 
            141.28482055664062
        ], 
        [
            109.45020294189453, 
            13.340898513793945, 
            -351.0534973144531
        ], 
        [
            -182.87835693359375, 
            12.527759552001953, 
            -364.90869140625
        ], 
        [
            287.2712707519531, 
            3.5158565044403076, 
            263.2304382324219
        ], 
        [
            228.12725830078125, 
            9.030271530151367, 
            -58.44845962524414
        ], 
        [
            -330.185791015625, 
            4.241327285766602, 
            235.12527465820312
        ], 
        [
            -215.78216552734375, 
            3.196928024291992, 
            313.03497314453125
        ], 
        [
            -138.26808166503906, 
            6.245508193969727, 
            218.947021484375
        ], 
        [
            120.07945251464844, 
            5.984325408935547, 
            253.6935272216797
        ], 
        [
            207.22537231445312, 
            3.2697815895080566, 
            305.92742919921875
        ], 
        [
            68.9841079711914, 
            8.976988792419434, 
            95.7519302368164
        ], 
        [
            -83.79585266113281, 
            7.675288677215576, 
            96.00110626220703
        ], 
        [
            151.27044677734375, 
            9.012747764587402, 
            -66.15702056884766
        ], 
        [
            -240.08924865722656, 
            8.999006271362305, 
            16.47389030456543
        ], 
        [
            190.5802764892578, 
            7.7008867263793945, 
            60.77351379394531
        ], 
        [
            -225.02076721191406, 
            9.015776634216309, 
            -145.28453063964844
        ], 
        [
            -150.15127563476562, 
            10.700580596923828, 
            -242.39962768554688
        ]
    ], 
    "2": [
        [
            -133.18446350097656, 
            6.589544773101807, 
            233.46609497070312
        ], 
        [
            117.25601196289062, 
            5.958268165588379, 
            239.23797607421875
        ], 
        [
            -114.91632080078125, 
            1.0277732610702515, 
            360.6356201171875
        ], 
        [
            91.93150329589844, 
            1.0540885925292969, 
            363.93792724609375
        ], 
        [
            -71.35041809082031, 
            2.7799031734466553, 
            202.5296630859375
        ], 
        [
            59.97953796386719, 
            2.5116639137268066, 
            181.30917358398438
        ], 
        [
            12.601272583007812, 
            11.427927017211914, 
            50.61268615722656
        ], 
        [
            -26.751983642578125, 
            11.378829002380371, 
            50.55617904663086
        ], 
        [
            -8.003008842468262, 
            9.935827255249023, 
            -94.17083740234375
        ]
    ], 
    "3": [
        [
            -78.82649230957031, 
            4.644310474395752, 
            -381.2933349609375
        ], 
        [
            172.41305541992188, 
            9.006282806396484, 
            -191.52548217773438
        ], 
        [
            -41.8627815246582, 
            12.911421775817871, 
            -332.59027099609375
        ], 
        [
            -91.7715072631836, 
            10.57955265045166, 
            -333.7582702636719
        ], 
        [
            51.573707580566406, 
            13.003825187683105, 
            -381.81396484375
        ], 
        [
            88.59331512451172, 
            13.008578300476074, 
            -346.76556396484375
        ], 
        [
            71.96798706054688, 
            9.0108003616333, 
            -293.12200927734375
        ], 
        [
            74.5939712524414, 
            9.056253433227539, 
            -319.36737060546875
        ], 
        [
            145.08226013183594, 
            12.43674373626709, 
            -367.15093994140625
        ], 
        [
            -21.731220245361328, 
            3.2343695163726807, 
            -340.0560302734375
        ], 
        [
            -59.48966598510742, 
            3.6694552898406982, 
            -368.2714538574219
        ], 
        [
            -180.89837646484375, 
            12.48133373260498, 
            -361.5252685546875
        ]
    ]
}