{
    "1": [
        [
            132.83607482910156, 
            13.136809349060059, 
            311.771728515625
        ], 
        [
            163.1113739013672, 
            13.349210739135742, 
            201.65499877929688
        ], 
        [
            304.88690185546875, 
            22.652217864990234, 
            241.146240234375
        ], 
        [
            548.6759033203125, 
            17.086078643798828, 
            352.24359130859375
        ], 
        [
            348.6169128417969, 
            22.57255744934082, 
            -257.4573669433594
        ], 
        [
            319.88995361328125, 
            22.852310180664062, 
            -254.829345703125
        ], 
        [
            518.5927124023438, 
            17.453414916992188, 
            -350.308349609375
        ], 
        [
            167.6422576904297, 
            13.197046279907227, 
            -156.754150390625
        ], 
        [
            165.3870849609375, 
            13.364116668701172, 
            -300.2077941894531
        ], 
        [
            43.30833435058594, 
            13.126437187194824, 
            -104.4623031616211
        ], 
        [
            23.16116714477539, 
            13.398458480834961, 
            110.79706573486328
        ], 
        [
            -167.60032653808594, 
            13.022600173950195, 
            93.65982055664062
        ], 
        [
            -148.765625, 
            15.838613510131836, 
            223.42410278320312
        ], 
        [
            -292.162109375, 
            24.54315185546875, 
            451.3314208984375
        ], 
        [
            -327.52008056640625, 
            24.536725997924805, 
            445.15484619140625
        ], 
        [
            -387.688232421875, 
            24.628610610961914, 
            -389.6435241699219
        ], 
        [
            -348.634521484375, 
            24.523571014404297, 
            -395.14752197265625
        ], 
        [
            -235.91360473632812, 
            15.989389419555664, 
            -278.0624084472656
        ], 
        [
            -212.65380859375, 
            13.015207290649414, 
            -145.99951171875
        ]
    ], 
    "2": [
        [
            226.29368591308594, 
            13.363651275634766, 
            147.8759765625
        ], 
        [
            293.14215087890625, 
            22.719451904296875, 
            240.87359619140625
        ], 
        [
            593.4276733398438, 
            13.363489151000977, 
            6.3922319412231445
        ], 
        [
            588.8352661132812, 
            13.349737167358398, 
            -18.72496795654297
        ], 
        [
            554.5369873046875, 
            14.926148414611816, 
            -2.656437635421753
        ], 
        [
            281.8979187011719, 
            22.84042739868164, 
            -258.91912841796875
        ], 
        [
            240.5229034423828, 
            13.245579719543457, 
            -169.92352294921875
        ], 
        [
            209.75796508789062, 
            13.122184753417969, 
            -168.36720275878906
        ]
    ]
}