{
    "1": [
        [
            205.48934936523438, 
            17.856996536254883, 
            231.72775268554688
        ], 
        [
            186.3094940185547, 
            18.200729370117188, 
            257.1394348144531
        ], 
        [
            293.26141357421875, 
            30.327545166015625, 
            336.25927734375
        ], 
        [
            421.26727294921875, 
            55.1270751953125, 
            -260.37054443359375
        ], 
        [
            333.906494140625, 
            54.47516632080078, 
            -391.8655700683594
        ], 
        [
            80.88945007324219, 
            37.88194274902344, 
            -449.793701171875
        ], 
        [
            280.642822265625, 
            21.653108596801758, 
            -32.924232482910156
        ], 
        [
            282.85137939453125, 
            22.76493263244629, 
            31.895023345947266
        ], 
        [
            -64.84529113769531, 
            17.891555786132812, 
            -277.7472229003906
        ], 
        [
            -106.607666015625, 
            17.67296600341797, 
            -246.25704956054688
        ], 
        [
            -489.5395202636719, 
            20.42147445678711, 
            -159.47203063964844
        ], 
        [
            -322.98834228515625, 
            17.58335304260254, 
            -108.82694244384766
        ], 
        [
            -269.32855224609375, 
            18.226871490478516, 
            -136.53135681152344
        ], 
        [
            -435.7921142578125, 
            0.22642147541046143, 
            337.5901184082031
        ]
    ], 
    "2": [
        [
            48.30583190917969, 
            8.717514991760254, 
            -23.28262710571289
        ], 
        [
            5.024953842163086, 
            10.668594360351562, 
            -61.95637512207031
        ], 
        [
            -168.57525634765625, 
            6.783942222595215, 
            152.50852966308594
        ]
    ], 
    "3": [
        [
            -380.7001647949219, 
            0.45721420645713806, 
            294.5050964355469
        ], 
        [
            -280.15118408203125, 
            1.345229983329773, 
            334.5619812011719
        ], 
        [
            -150.76686096191406, 
            0.20600001513957977, 
            462.960205078125
        ]
    ]
}