{
    "1": [
        [
            -484.6325988769531, 
            12.610916137695312, 
            284.9382019042969
        ], 
        [
            -172.87832641601562, 
            14.170857429504395, 
            210.27203369140625
        ], 
        [
            352.1018371582031, 
            -1.093631625175476, 
            -292.5623779296875
        ], 
        [
            -204.84393310546875, 
            15.45363712310791, 
            -188.76821899414062
        ], 
        [
            -453.6376953125, 
            14.679296493530273, 
            -172.1785888671875
        ], 
        [
            -348.5086975097656, 
            8.534769058227539, 
            -326.31048583984375
        ], 
        [
            460.7227783203125, 
            0.5704492330551147, 
            305.5763854980469
        ], 
        [
            351.804443359375, 
            0.9064667820930481, 
            272.2049255371094
        ], 
        [
            154.24942016601562, 
            4.900476455688477, 
            -142.658935546875
        ], 
        [
            260.39044189453125, 
            -0.9437108039855957, 
            -222.5529022216797
        ], 
        [
            424.10382080078125, 
            -6.087934494018555, 
            -396.333984375
        ]
    ], 
    "2": [
        [
            168.66912841796875, 
            8.664400100708008, 
            45.2681999206543
        ], 
        [
            177.04067993164062, 
            7.745537757873535, 
            68.98799896240234
        ], 
        [
            183.90377807617188, 
            5.654361248016357, 
            -44.706565856933594
        ], 
        [
            -246.7522430419922, 
            13.823087692260742, 
            190.93508911132812
        ], 
        [
            -130.9432373046875, 
            4.666571140289307, 
            26.631450653076172
        ], 
        [
            -218.39419555664062, 
            15.848814010620117, 
            -126.85968017578125
        ], 
        [
            169.37196350097656, 
            6.365278244018555, 
            155.53419494628906
        ], 
        [
            93.85871887207031, 
            7.96551513671875, 
            27.60379981994629
        ], 
        [
            -20.978185653686523, 
            4.812777519226074, 
            37.04522705078125
        ], 
        [
            -434.68939208984375, 
            11.796700477600098, 
            179.5906219482422
        ], 
        [
            -403.84783935546875, 
            8.137137413024902, 
            -99.73036193847656
        ]
    ], 
    "3": [
        [
            -350.20367431640625, 
            5.896500587463379, 
            78.41905212402344
        ], 
        [
            -365.43450927734375, 
            7.720357894897461, 
            -57.16265106201172
        ], 
        [
            428.4347229003906, 
            -1.580649971961975, 
            -38.79514694213867
        ], 
        [
            428.6102294921875, 
            -2.136532783508301, 
            45.499935150146484
        ], 
        [
            428.4259033203125, 
            -1.8231207132339478, 
            6.740942478179932
        ], 
        [
            478.2296142578125, 
            -4.427292346954346, 
            -32.53023147583008
        ], 
        [
            474.5674133300781, 
            -4.048096179962158, 
            39.98301315307617
        ]
    ]
}