{
    "1": [
        [
            -484.6325988769531, 
            12.610916137695312, 
            284.9382019042969
        ], 
        [
            -172.87832641601562, 
            14.170857429504395, 
            210.27203369140625
        ], 
        [
            352.1018371582031, 
            -1.093631625175476, 
            -292.5623779296875
        ], 
        [
            -204.84393310546875, 
            15.45363712310791, 
            -188.76821899414062
        ], 
        [
            -453.6376953125, 
            14.679296493530273, 
            -172.1785888671875
        ], 
        [
            -348.5086975097656, 
            8.534769058227539, 
            -326.31048583984375
        ], 
        [
            460.7227783203125, 
            0.5704492330551147, 
            305.5763854980469
        ], 
        [
            351.804443359375, 
            0.9064667820930481, 
            272.2049255371094
        ], 
        [
            154.24942016601562, 
            4.900476455688477, 
            -142.658935546875
        ]
    ], 
    "2": [
        [
            168.66912841796875, 
            8.664400100708008, 
            45.2681999206543
        ], 
        [
            177.04067993164062, 
            7.745537757873535, 
            68.98799896240234
        ], 
        [
            183.90377807617188, 
            5.654361248016357, 
            -44.706565856933594
        ], 
        [
            -246.7522430419922, 
            13.823087692260742, 
            190.93508911132812
        ], 
        [
            -130.9432373046875, 
            4.666571140289307, 
            26.631450653076172
        ], 
        [
            -218.39419555664062, 
            15.848814010620117, 
            -126.85968017578125
        ], 
        [
            169.37196350097656, 
            6.365278244018555, 
            155.53419494628906
        ]
    ], 
    "3": [
        [
            -450.9063415527344, 
            13.20784854888916, 
            -192.90194702148438
        ], 
        [
            -350.20367431640625, 
            5.896500587463379, 
            78.41905212402344
        ]
    ]
}