{
    "1": [
        [
            -317.2939453125, 
            2.0238325595855713, 
            371.9640197753906
        ], 
        [
            -206.4190673828125, 
            1.4404783248901367, 
            304.6401672363281
        ], 
        [
            -466.2745361328125, 
            1.4298813343048096, 
            260.88848876953125
        ], 
        [
            -437.8155822753906, 
            14.298543930053711, 
            -442.35198974609375
        ], 
        [
            -316.4898986816406, 
            8.463805198669434, 
            -437.9319763183594
        ], 
        [
            213.25180053710938, 
            3.08467960357666, 
            -314.2785339355469
        ], 
        [
            492.63818359375, 
            29.47075080871582, 
            -60.62892532348633
        ], 
        [
            425.7877502441406, 
            14.437335968017578, 
            438.90863037109375
        ], 
        [
            321.2021484375, 
            10.253599166870117, 
            429.7657470703125
        ], 
        [
            160.69371032714844, 
            3.890501022338867, 
            451.3792419433594
        ], 
        [
            -73.58855438232422, 
            1.7886338233947754, 
            -292.09344482421875
        ], 
        [
            98.53279113769531, 
            6.870648384094238, 
            -233.7166748046875
        ]
    ], 
    "2": [
        [
            -478.3670959472656, 
            5.390416622161865, 
            94.32318878173828
        ], 
        [
            -481.3233947753906, 
            9.393942832946777, 
            -253.42547607421875
        ], 
        [
            366.8931884765625, 
            21.96675682067871, 
            110.9213638305664
        ]
    ], 
    "3": [
        [
            -121.0594711303711, 
            0.6578063368797302, 
            -20.106565475463867
        ]
    ]
}