{
    "1": [
        [
            -317.2939453125, 
            2.0238325595855713, 
            371.9640197753906
        ], 
        [
            -206.4190673828125, 
            1.4404783248901367, 
            304.6401672363281
        ], 
        [
            -466.2745361328125, 
            1.4298813343048096, 
            260.88848876953125
        ], 
        [
            -437.8155822753906, 
            14.298543930053711, 
            -442.35198974609375
        ], 
        [
            -316.4898986816406, 
            8.463805198669434, 
            -437.9319763183594
        ], 
        [
            213.25180053710938, 
            3.08467960357666, 
            -314.2785339355469
        ], 
        [
            492.63818359375, 
            29.47075080871582, 
            -60.62892532348633
        ], 
        [
            425.7877502441406, 
            14.437335968017578, 
            438.90863037109375
        ], 
        [
            321.2021484375, 
            10.253599166870117, 
            429.7657470703125
        ], 
        [
            160.69371032714844, 
            3.890501022338867, 
            451.3792419433594
        ], 
        [
            -73.58855438232422, 
            1.7886338233947754, 
            -292.09344482421875
        ], 
        [
            98.53279113769531, 
            6.870648384094238, 
            -233.7166748046875
        ], 
        [
            -131.5453643798828, 
            0.1808462142944336, 
            -53.028385162353516
        ], 
        [
            421.4491882324219, 
            8.97413444519043, 
            -349.0925598144531
        ]
    ], 
    "2": [
        [
            -478.3670959472656, 
            5.390416622161865, 
            94.32318878173828
        ], 
        [
            -481.3233947753906, 
            9.393942832946777, 
            -253.42547607421875
        ], 
        [
            366.8931884765625, 
            21.96675682067871, 
            110.9213638305664
        ], 
        [
            338.46075439453125, 
            21.473262786865234, 
            91.44245910644531
        ]
    ], 
    "3": [
        [
            -121.0594711303711, 
            0.6578063368797302, 
            -20.106565475463867
        ], 
        [
            -48.95020294189453, 
            0.17264217138290405, 
            87.61734008789062
        ], 
        [
            -30.118572235107422, 
            0.15446335077285767, 
            95.66100311279297
        ], 
        [
            -1.3867900371551514, 
            0.13921454548835754, 
            86.81649780273438
        ], 
        [
            -14.887969970703125, 
            0.2289169430732727, 
            60.419044494628906
        ], 
        [
            -106.43206787109375, 
            0.4276618957519531, 
            -56.14852523803711
        ], 
        [
            -105.44349670410156, 
            0.5416644215583801, 
            29.7191104888916
        ], 
        [
            -153.20870971679688, 
            0.3144735097885132, 
            -39.27753448486328
        ], 
        [
            -112.48851776123047, 
            0.22656667232513428, 
            -123.01094055175781
        ], 
        [
            14.372678756713867, 
            0.2898908853530884, 
            -103.92872619628906
        ], 
        [
            -28.546218872070312, 
            0.15059952437877655, 
            -104.90321350097656
        ], 
        [
            -14.09400749206543, 
            0.13087105751037598, 
            -69.73701477050781
        ], 
        [
            18.435787200927734, 
            0.13197091221809387, 
            -45.73333740234375
        ], 
        [
            50.923431396484375, 
            0.13575075566768646, 
            -20.115386962890625
        ], 
        [
            93.4061279296875, 
            0.3832683265209198, 
            70.12173461914062
        ], 
        [
            141.30072021484375, 
            1.007495403289795, 
            48.173126220703125
        ]
    ]
}