{
    "1": [
        [
            -53.86628723144531, 
            4.140596389770508, 
            -375.3044738769531
        ], 
        [
            -112.13838958740234, 
            -10.450967788696289, 
            226.86441040039062
        ], 
        [
            -47.36207580566406, 
            -0.6443069577217102, 
            353.32208251953125
        ], 
        [
            33.361263275146484, 
            6.25724983215332, 
            270.74871826171875
        ], 
        [
            414.80426025390625, 
            13.424275398254395, 
            263.3761901855469
        ], 
        [
            495.93255615234375, 
            5.581847667694092, 
            -309.60089111328125
        ]
    ], 
    "2": [
        [
            -31.57095718383789, 
            -3.837055206298828, 
            -95.17867279052734
        ], 
        [
            -169.6049041748047, 
            -13.493308067321777, 
            -148.28924560546875
        ], 
        [
            -406.7992248535156, 
            -15.597475051879883, 
            1.2816426753997803
        ], 
        [
            -402.79022216796875, 
            -15.99989128112793, 
            17.536094665527344
        ], 
        [
            -240.98046875, 
            -11.319317817687988, 
            173.3611297607422
        ], 
        [
            201.02134704589844, 
            2.870133876800537, 
            122.00271606445312
        ]
    ], 
    "3": [
        [
            201.52853393554688, 
            2.6943862438201904, 
            121.14484405517578
        ], 
        [
            246.4881134033203, 
            1.7529054880142212, 
            11.493219375610352
        ], 
        [
            267.4236145019531, 
            1.750000238418579, 
            23.29187774658203
        ], 
        [
            264.0315856933594, 
            1.7499996423721313, 
            50.951751708984375
        ], 
        [
            178.51185607910156, 
            2.266702890396118, 
            -109.71522521972656
        ], 
        [
            178.58209228515625, 
            2.367448568344116, 
            -150.83099365234375
        ]
    ]
}