{
    "1": [
        [
            -204.55758666992188, 
            -0.1185726672410965, 
            -153.29725646972656
        ], 
        [
            -238.16732788085938, 
            -0.13908828794956207, 
            -132.130126953125
        ], 
        [
            -245.74642944335938, 
            0.6400995850563049, 
            -68.58959197998047
        ], 
        [
            -178.86497497558594, 
            -0.14632946252822876, 
            250.75909423828125
        ], 
        [
            -168.0233612060547, 
            0.1413869708776474, 
            110.91970825195312
        ], 
        [
            195.2237548828125, 
            7.918120384216309, 
            -131.86630249023438
        ], 
        [
            238.82693481445312, 
            7.838454246520996, 
            -82.92176818847656
        ], 
        [
            246.49908447265625, 
            21.499717712402344, 
            -248.8948516845703
        ], 
        [
            265.1466369628906, 
            7.995216369628906, 
            246.54855346679688
        ], 
        [
            255.81336975097656, 
            8.948768615722656, 
            238.64608764648438
        ], 
        [
            234.75222778320312, 
            12.213156700134277, 
            238.11679077148438
        ], 
        [
            212.3697052001953, 
            8.258257865905762, 
            253.7418212890625
        ], 
        [
            164.6309814453125, 
            8.011789321899414, 
            263.5523376464844
        ], 
        [
            192.44651794433594, 
            8.069535255432129, 
            252.4462432861328
        ], 
        [
            -112.9812240600586, 
            -0.152396097779274, 
            180.4762420654297
        ]
    ], 
    "2": [
        [
            -282.0891418457031, 
            8.354475021362305, 
            87.37594604492188
        ], 
        [
            -46.51918029785156, 
            8.382844924926758, 
            77.18933868408203
        ], 
        [
            46.47569274902344, 
            8.333404541015625, 
            25.91595458984375
        ], 
        [
            126.09860229492188, 
            8.214630126953125, 
            -46.63206481933594
        ], 
        [
            270.0677490234375, 
            8.258648872375488, 
            -10.049179077148438
        ], 
        [
            47.579833984375, 
            4.3986005783081055, 
            163.91339111328125
        ], 
        [
            148.3928680419922, 
            -0.12536579370498657, 
            61.72966766357422
        ], 
        [
            102.47035217285156, 
            8.200846672058105, 
            -15.136446952819824
        ], 
        [
            -130.8775177001953, 
            8.31640625, 
            81.79707336425781
        ]
    ]
}