{
    "1": [
        [
            -13.645052909851074, 
            11.294159889221191, 
            -459.9857177734375
        ], 
        [
            -440.5758056640625, 
            -6.839700698852539, 
            -368.4161682128906
        ], 
        [
            -406.70794677734375, 
            -14.662149429321289, 
            -247.414306640625
        ], 
        [
            -372.7879943847656, 
            -14.971698760986328, 
            -79.9140396118164
        ], 
        [
            -378.8494873046875, 
            -15.105628967285156, 
            76.66957092285156
        ], 
        [
            -396.8900451660156, 
            -15.094095230102539, 
            215.591796875
        ], 
        [
            -429.904296875, 
            -14.771660804748535, 
            216.8353271484375
        ], 
        [
            -451.13720703125, 
            -13.012899398803711, 
            139.04127502441406
        ], 
        [
            -43.27339172363281, 
            13.605459213256836, 
            450.82489013671875
        ], 
        [
            -5.613106727600098, 
            -0.45465147495269775, 
            -362.32855224609375
        ], 
        [
            101.65567016601562, 
            -1.3928632736206055, 
            -343.9244384765625
        ], 
        [
            49.501426696777344, 
            0.18383154273033142, 
            417.3004150390625
        ], 
        [
            -4.091554641723633, 
            2.693727970123291, 
            457.35028076171875
        ], 
        [
            14.71949577331543, 
            7.825610160827637, 
            9.418961524963379
        ], 
        [
            -182.2320556640625, 
            0.34135526418685913, 
            -52.74191665649414
        ], 
        [
            -182.5672149658203, 
            0.5787569284439087, 
            69.29242706298828
        ]
    ], 
    "2": [
        [
            101.73026275634766, 
            25.126758575439453, 
            10.774271011352539
        ], 
        [
            115.06338500976562, 
            25.853185653686523, 
            -32.45794677734375
        ]
    ], 
    "3": [
        [
            -434.39300537109375, 
            -14.877456665039062, 
            -123.56375122070312
        ]
    ]
}