{
    "1": [
        [
            -92.25548553466797, 
            8.703125953674316, 
            -310.36651611328125
        ], 
        [
            -413.6097106933594, 
            0.7987897992134094, 
            -117.32373809814453
        ], 
        [
            -58.28470993041992, 
            6.47176456451416, 
            293.9804382324219
        ], 
        [
            291.3243103027344, 
            4.611127853393555, 
            267.5054016113281
        ], 
        [
            266.7099609375, 
            0.27411186695098877, 
            -180.62335205078125
        ], 
        [
            92.27444458007812, 
            7.048838138580322, 
            338.4840393066406
        ], 
        [
            309.02789306640625, 
            4.426231384277344, 
            377.91241455078125
        ], 
        [
            260.3714599609375, 
            -0.07216888666152954, 
            -314.0348205566406
        ], 
        [
            119.18266296386719, 
            5.976672649383545, 
            -317.66314697265625
        ], 
        [
            -32.0934944152832, 
            9.180737495422363, 
            -304.05078125
        ], 
        [
            -107.52896118164062, 
            18.97256851196289, 
            -482.091552734375
        ], 
        [
            -320.935302734375, 
            6.725998878479004, 
            19.93926239013672
        ], 
        [
            -317.04638671875, 
            6.607184410095215, 
            -29.48430061340332
        ], 
        [
            -316.9969482421875, 
            5.016321659088135, 
            -96.29875183105469
        ], 
        [
            126.1943130493164, 
            6.357283592224121, 
            -61.41099548339844
        ], 
        [
            122.89544677734375, 
            8.159219741821289, 
            24.055513381958008
        ]
    ], 
    "2": [
        [
            138.66558837890625, 
            5.775426864624023, 
            10.711313247680664
        ], 
        [
            136.9136505126953, 
            5.47459602355957, 
            46.77187728881836
        ], 
        [
            -316.93267822265625, 
            6.5969343185424805, 
            -25.470125198364258
        ], 
        [
            265.47509765625, 
            -3.6662747859954834, 
            1.0227832794189453
        ], 
        [
            -74.06315612792969, 
            7.112277984619141, 
            -1.3418549299240112
        ], 
        [
            -28.714614868164062, 
            13.435986518859863, 
            -98.6720962524414
        ], 
        [
            25.263565063476562, 
            12.683554649353027, 
            28.0367374420166
        ], 
        [
            12.98363971710205, 
            16.02090835571289, 
            -28.657958984375
        ], 
        [
            -146.45965576171875, 
            1.5286935567855835, 
            -92.1142807006836
        ], 
        [
            -148.38247680664062, 
            2.3884634971618652, 
            106.54923248291016
        ]
    ], 
    "3": [
        [
            -367.7064208984375, 
            5.072079181671143, 
            -100.2664794921875
        ], 
        [
            -416.6002502441406, 
            0.04457482695579529, 
            -112.58274841308594
        ], 
        [
            -410.1502380371094, 
            -1.815539836883545, 
            -38.15834426879883
        ], 
        [
            -436.9747619628906, 
            -1.6460360288619995, 
            -17.19371795654297
        ], 
        [
            -436.9988708496094, 
            -1.8218721151351929, 
            93.61520385742188
        ], 
        [
            -437.55908203125, 
            -0.08605766296386719, 
            136.52691650390625
        ], 
        [
            -378.7646179199219, 
            4.50056266784668, 
            91.49205780029297
        ], 
        [
            178.83612060546875, 
            1.1255079507827759, 
            71.15809631347656
        ], 
        [
            172.23658752441406, 
            0.4731202721595764, 
            -7.592069149017334
        ]
    ]
}