{
    "1": [
        [
            -92.25548553466797, 
            8.703125953674316, 
            -310.36651611328125
        ], 
        [
            -413.6097106933594, 
            0.7987897992134094, 
            -117.32373809814453
        ], 
        [
            -439.26141357421875, 
            -0.1380717158317566, 
            136.2522735595703
        ], 
        [
            -58.28470993041992, 
            6.47176456451416, 
            293.9804382324219
        ], 
        [
            291.3243103027344, 
            4.611127853393555, 
            267.5054016113281
        ], 
        [
            266.7099609375, 
            0.27411186695098877, 
            -180.62335205078125
        ], 
        [
            92.27444458007812, 
            7.048838138580322, 
            338.4840393066406
        ], 
        [
            309.02789306640625, 
            4.426231384277344, 
            377.91241455078125
        ], 
        [
            260.3714599609375, 
            -0.07216888666152954, 
            -314.0348205566406
        ], 
        [
            119.18266296386719, 
            5.976672649383545, 
            -317.66314697265625
        ], 
        [
            -32.0934944152832, 
            9.180737495422363, 
            -304.05078125
        ], 
        [
            -107.52896118164062, 
            18.97256851196289, 
            -482.091552734375
        ]
    ], 
    "2": [
        [
            138.66558837890625, 
            5.775426864624023, 
            10.711313247680664
        ], 
        [
            282.5682067871094, 
            5.912952423095703, 
            -5.159886360168457
        ], 
        [
            136.9136505126953, 
            5.47459602355957, 
            46.77187728881836
        ]
    ], 
    "3": [
        [
            -367.7064208984375, 
            5.072079181671143, 
            -100.2664794921875
        ]
    ]
}