{
    "1": [
        [
            621.2471923828125, 
            20.56592559814453, 
            -32.34726333618164
        ], 
        [
            649.7464599609375, 
            19.523725509643555, 
            -107.97978210449219
        ], 
        [
            678.0608520507812, 
            19.760692596435547, 
            -99.01282501220703
        ], 
        [
            77.23500061035156, 
            19.92548179626465, 
            -635.8208618164062
        ], 
        [
            28.429794311523438, 
            22.372726440429688, 
            -633.3634033203125
        ], 
        [
            -621.7376708984375, 
            44.27027130126953, 
            58.121192932128906
        ], 
        [
            -634.9027709960938, 
            68.81888580322266, 
            351.39129638671875
        ], 
        [
            -376.91680908203125, 
            69.57620239257812, 
            630.4448852539062
        ], 
        [
            -46.88470458984375, 
            45.949275970458984, 
            611.8599243164062
        ]
    ], 
    "2": [
        [
            242.17153930664062, 
            20.339256286621094, 
            -334.8603210449219
        ], 
        [
            336.73126220703125, 
            20.391143798828125, 
            -239.80136108398438
        ], 
        [
            -42.56721496582031, 
            25.010318756103516, 
            131.04881286621094
        ], 
        [
            -144.78750610351562, 
            25.015893936157227, 
            46.050846099853516
        ], 
        [
            -569.8816528320312, 
            77.34416961669922, 
            477.92529296875
        ], 
        [
            -494.9607238769531, 
            83.45436096191406, 
            556.6558227539062
        ], 
        [
            -157.15631103515625, 
            8.163209915161133, 
            162.62014770507812
        ], 
        [
            -134.07254028320312, 
            10.268148422241211, 
            141.9391632080078
        ], 
        [
            95.42786407470703, 
            16.15258026123047, 
            -279.1756286621094
        ], 
        [
            266.4697265625, 
            16.79636001586914, 
            -110.61349487304688
        ]
    ], 
    "3": [
        [
            384.73345947265625, 
            7.471979141235352, 
            -377.3154296875
        ]
    ]
}