{
    "1": [
        [
            157.39315795898438, 
            44.189815521240234, 
            -419.5916748046875
        ], 
        [
            412.47332763671875, 
            46.6753044128418, 
            -131.7472381591797
        ], 
        [
            103.5789566040039, 
            44.450782775878906, 
            -3.7761030197143555
        ], 
        [
            3.884667158126831, 
            31.195281982421875, 
            -172.41004943847656
        ], 
        [
            -481.57501220703125, 
            79.85343170166016, 
            95.98103332519531
        ], 
        [
            -85.94417572021484, 
            76.51905822753906, 
            489.1810607910156
        ], 
        [
            71.01039123535156, 
            37.91741180419922, 
            -448.3558044433594
        ], 
        [
            132.28097534179688, 
            51.292476654052734, 
            325.26116943359375
        ], 
        [
            69.18866729736328, 
            50.410884857177734, 
            14.912811279296875
        ], 
        [
            -4.092886924743652, 
            48.98793029785156, 
            -71.08692169189453
        ], 
        [
            -109.51948547363281, 
            50.460872650146484, 
            -146.5148162841797
        ], 
        [
            -407.81231689453125, 
            85.96438598632812, 
            372.3397521972656
        ], 
        [
            -308.8057861328125, 
            75.24586486816406, 
            455.0255126953125
        ], 
        [
            -475.04296875, 
            77.8113021850586, 
            80.98789978027344
        ], 
        [
            -75.90867614746094, 
            75.10342407226562, 
            496.8932800292969
        ]
    ], 
    "2": [
        [
            161.3941192626953, 
            44.71135330200195, 
            -421.6277160644531
        ], 
        [
            412.1869812011719, 
            51.68596649169922, 
            -387.2418212890625
        ], 
        [
            415.0709533691406, 
            51.31652069091797, 
            -368.4393310546875
        ], 
        [
            374.44610595703125, 
            51.30883026123047, 
            -408.0812683105469
        ], 
        [
            413.380859375, 
            49.48137664794922, 
            -158.52003479003906
        ], 
        [
            406.2354431152344, 
            48.3868293762207, 
            -135.29827880859375
        ], 
        [
            81.19471740722656, 
            39.359771728515625, 
            -87.29662322998047
        ], 
        [
            77.59197998046875, 
            34.724098205566406, 
            -128.7869110107422
        ], 
        [
            18.480806350708008, 
            36.127052307128906, 
            -144.19578552246094
        ]
    ], 
    "3": [
        [
            -267.970703125, 
            73.59404754638672, 
            439.6685791015625
        ]
    ]
}