{
    "1": [
        [
            275.5568542480469, 
            -28.30947494506836, 
            -339.11273193359375
        ], 
        [
            360.147705078125, 
            -18.516315460205078, 
            -378.52545166015625
        ], 
        [
            222.65042114257812, 
            -20.084386825561523, 
            -497.4117126464844
        ], 
        [
            -90.49893951416016, 
            -26.622207641601562, 
            -96.10497283935547
        ], 
        [
            -130.19940185546875, 
            -35.772789001464844, 
            -104.7789306640625
        ], 
        [
            -407.4165344238281, 
            -10.61585521697998, 
            -168.52037048339844
        ], 
        [
            -390.356201171875, 
            -5.505096435546875, 
            -357.1932067871094
        ], 
        [
            -177.89906311035156, 
            -15.274333000183105, 
            435.5301513671875
        ], 
        [
            191.54965209960938, 
            6.090455532073975, 
            471.6637878417969
        ], 
        [
            413.5093078613281, 
            11.538226127624512, 
            376.84796142578125
        ], 
        [
            -352.93121337890625, 
            -19.245532989501953, 
            211.09274291992188
        ], 
        [
            -318.49359130859375, 
            -19.619905471801758, 
            122.86397552490234
        ]
    ], 
    "2": [
        [
            -94.96297454833984, 
            -19.862321853637695, 
            -66.05585479736328
        ], 
        [
            -238.19052124023438, 
            -9.889981269836426, 
            -490.66259765625
        ]
    ], 
    "3": [
        [
            -58.020633697509766, 
            -39.60435104370117, 
            -163.31809997558594
        ], 
        [
            -184.9037322998047, 
            -30.648681640625, 
            10.862019538879395
        ]
    ]
}