{
    "1": [
        [
            405.75115966796875, 
            4.810965538024902, 
            -369.9503173828125
        ], 
        [
            334.21380615234375, 
            7.5106520652771, 
            138.3225555419922
        ], 
        [
            332.27850341796875, 
            7.855096817016602, 
            149.34510803222656
        ], 
        [
            419.861572265625, 
            2.4333198070526123, 
            355.03118896484375
        ], 
        [
            -324.0603332519531, 
            4.04015588760376, 
            188.565185546875
        ], 
        [
            -328.4558410644531, 
            4.534061908721924, 
            152.3765411376953
        ], 
        [
            -262.5556640625, 
            -0.30102643370628357, 
            -101.37744903564453
        ], 
        [
            -322.6401672363281, 
            -3.0050292015075684, 
            -432.439453125
        ], 
        [
            292.9676513671875, 
            -0.47058239579200745, 
            -102.28274536132812
        ], 
        [
            300.4396667480469, 
            0.06999349594116211, 
            -198.79588317871094
        ], 
        [
            -237.0728302001953, 
            -4.033684730529785, 
            312.2492980957031
        ], 
        [
            -255.85845947265625, 
            -1.2068965435028076, 
            -148.3005828857422
        ], 
        [
            -253.73101806640625, 
            -0.3743564486503601, 
            -237.22467041015625
        ], 
        [
            301.0912780761719, 
            -0.24926133453845978, 
            -222.39981079101562
        ]
    ], 
    "2": [
        [
            6.081473350524902, 
            1.750679850578308, 
            -325.407470703125
        ], 
        [
            45.34532928466797, 
            0.8333224058151245, 
            -98.18989562988281
        ], 
        [
            -6.489753723144531, 
            1.3719393014907837, 
            -91.28791046142578
        ], 
        [
            118.29376220703125, 
            4.830648899078369, 
            22.096046447753906
        ], 
        [
            -20.154232025146484, 
            4.6152849197387695, 
            21.201114654541016
        ], 
        [
            83.86991882324219, 
            -3.654728889465332, 
            333.8155212402344
        ], 
        [
            -28.150554656982422, 
            2.9433112144470215, 
            339.4916076660156
        ], 
        [
            -154.8466339111328, 
            -3.031965970993042, 
            315.865478515625
        ], 
        [
            51.54357147216797, 
            2.6122584342956543, 
            -258.83636474609375
        ], 
        [
            -51.846824645996094, 
            -0.0654950812458992, 
            -223.7660369873047
        ], 
        [
            -27.977916717529297, 
            1.8095991611480713, 
            -90.21175384521484
        ], 
        [
            217.44296264648438, 
            -6.144345760345459, 
            312.1298828125
        ]
    ], 
    "3": [
        [
            -1.1184167861938477, 
            2.2485737800598145, 
            60.3554801940918
        ], 
        [
            -0.521334707736969, 
            -5.831570625305176, 
            140.1707305908203
        ], 
        [
            19.497509002685547, 
            -18.355318069458008, 
            -361.75225830078125
        ], 
        [
            4.4211225509643555, 
            -18.089078903198242, 
            -363.140625
        ]
    ]
}