{
    "1": [
        [
            363.196533203125, 
            7.321601867675781, 
            -270.6507263183594
        ], 
        [
            267.8976745605469, 
            19.783798217773438, 
            2.608483076095581
        ], 
        [
            224.4083709716797, 
            21.357088088989258, 
            19.70527458190918
        ], 
        [
            295.66650390625, 
            39.526798248291016, 
            397.6244812011719
        ], 
        [
            -94.397216796875, 
            11.089365005493164, 
            293.9699401855469
        ], 
        [
            -163.28392028808594, 
            11.329919815063477, 
            293.8962707519531
        ], 
        [
            -197.3566131591797, 
            10.60932731628418, 
            284.47119140625
        ], 
        [
            -179.74974060058594, 
            0.606185793876648, 
            -89.90121459960938
        ], 
        [
            35.57308578491211, 
            11.146477699279785, 
            419.882080078125
        ], 
        [
            -126.85037231445312, 
            10.820356369018555, 
            170.2796173095703
        ], 
        [
            -87.61847686767578, 
            10.911858558654785, 
            66.78447723388672
        ]
    ], 
    "2": [
        [
            150.2510223388672, 
            15.323122024536133, 
            134.10391235351562
        ], 
        [
            112.8171157836914, 
            21.123933792114258, 
            236.01953125
        ], 
        [
            -26.651390075683594, 
            10.890508651733398, 
            375.5726623535156
        ], 
        [
            33.083457946777344, 
            16.27498435974121, 
            272.7994384765625
        ]
    ]
}