{
    "1": [
        [
            363.196533203125, 
            7.321601867675781, 
            -270.6507263183594
        ], 
        [
            267.8976745605469, 
            19.783798217773438, 
            2.608483076095581
        ], 
        [
            224.4083709716797, 
            21.357088088989258, 
            19.70527458190918
        ], 
        [
            295.66650390625, 
            39.526798248291016, 
            397.6244812011719
        ], 
        [
            -94.397216796875, 
            11.089365005493164, 
            293.9699401855469
        ], 
        [
            -163.28392028808594, 
            11.329919815063477, 
            293.8962707519531
        ], 
        [
            -197.3566131591797, 
            10.60932731628418, 
            284.47119140625
        ], 
        [
            35.57308578491211, 
            11.146477699279785, 
            419.882080078125
        ], 
        [
            -126.85037231445312, 
            10.820356369018555, 
            170.2796173095703
        ], 
        [
            -87.61847686767578, 
            10.911858558654785, 
            66.78447723388672
        ], 
        [
            238.83253479003906, 
            18.420412063598633, 
            7.308189392089844
        ], 
        [
            203.13694763183594, 
            19.075523376464844, 
            32.799560546875
        ]
    ], 
    "2": [
        [
            150.2510223388672, 
            15.323122024536133, 
            134.10391235351562
        ], 
        [
            112.8171157836914, 
            21.123933792114258, 
            236.01953125
        ], 
        [
            -26.651390075683594, 
            10.890508651733398, 
            375.5726623535156
        ], 
        [
            33.083457946777344, 
            16.27498435974121, 
            272.7994384765625
        ], 
        [
            -60.64195251464844, 
            17.99612808227539, 
            63.843929290771484
        ], 
        [
            24.60612678527832, 
            31.08035659790039, 
            42.139774322509766
        ]
    ], 
    "3": [
        [
            -78.50874328613281, 
            10.08438777923584, 
            41.36564636230469
        ], 
        [
            -81.29774475097656, 
            10.045681953430176, 
            51.457763671875
        ], 
        [
            -59.987693786621094, 
            6.235876083374023, 
            -308.5893249511719
        ], 
        [
            -37.26704025268555, 
            5.854058265686035, 
            -302.72406005859375
        ], 
        [
            -43.527427673339844, 
            5.328802108764648, 
            -327.9822082519531
        ], 
        [
            -80.7608642578125, 
            3.7872371673583984, 
            -365.50408935546875
        ], 
        [
            -88.68341064453125, 
            1.2413865327835083, 
            -396.4229736328125
        ], 
        [
            -74.47067260742188, 
            1.8816585540771484, 
            -403.6567687988281
        ], 
        [
            -126.15536499023438, 
            3.4898016452789307, 
            -357.3944396972656
        ], 
        [
            -179.57357788085938, 
            0.5989515781402588, 
            -90.30091094970703
        ]
    ]
}