{
    "1": [
        [
            393.3335266113281, 
            8.700434684753418, 
            379.3832702636719
        ], 
        [
            494.0803527832031, 
            23.306406021118164, 
            -220.53858947753906
        ], 
        [
            494.0803527832031, 
            23.306406021118164, 
            -220.53858947753906
        ], 
        [
            -69.18671417236328, 
            15.529778480529785, 
            -126.1319580078125
        ], 
        [
            -96.2753677368164, 
            22.51152801513672, 
            -85.92902374267578
        ], 
        [
            -202.04348754882812, 
            12.393638610839844, 
            -413.52984619140625
        ], 
        [
            -363.5160217285156, 
            14.347347259521484, 
            -442.4549560546875
        ], 
        [
            -188.44564819335938, 
            26.654991149902344, 
            119.56889343261719
        ], 
        [
            -82.62977600097656, 
            28.942302703857422, 
            219.72698974609375
        ], 
        [
            -90.38274383544922, 
            21.95952606201172, 
            275.661376953125
        ], 
        [
            -209.2610626220703, 
            10.352158546447754, 
            434.3812255859375
        ], 
        [
            -413.97357177734375, 
            9.656000137329102, 
            446.05621337890625
        ], 
        [
            212.662841796875, 
            13.04423713684082, 
            280.7276306152344
        ], 
        [
            454.126220703125, 
            15.868770599365234, 
            -209.051025390625
        ], 
        [
            422.6895751953125, 
            8.120246887207031, 
            -371.23211669921875
        ], 
        [
            406.2572937011719, 
            0.6496545076370239, 
            334.19183349609375
        ], 
        [
            -155.1829376220703, 
            22.781402587890625, 
            -45.30842590332031
        ]
    ], 
    "2": [
        [
            -217.43252563476562, 
            24.00020980834961, 
            28.585052490234375
        ], 
        [
            190.25396728515625, 
            14.341136932373047, 
            205.06631469726562
        ], 
        [
            106.22222900390625, 
            13.333023071289062, 
            141.53207397460938
        ], 
        [
            -138.37586975097656, 
            15.551783561706543, 
            44.368507385253906
        ], 
        [
            6.80853271484375, 
            6.308280944824219, 
            -3.881450653076172
        ], 
        [
            136.34780883789062, 
            4.5303053855896, 
            -97.509521484375
        ], 
        [
            306.9740295410156, 
            22.05183982849121, 
            -64.94599914550781
        ]
    ], 
    "3": [
        [
            438.6968994140625, 
            11.280316352844238, 
            -219.87745666503906
        ], 
        [
            -371.4239196777344, 
            8.781206130981445, 
            -70.53324127197266
        ], 
        [
            398.17822265625, 
            13.142168998718262, 
            -112.22364807128906
        ], 
        [
            382.0746765136719, 
            14.157600402832031, 
            -20.777711868286133
        ], 
        [
            387.60205078125, 
            12.464365005493164, 
            56.67204284667969
        ], 
        [
            432.70849609375, 
            12.419331550598145, 
            20.366634368896484
        ], 
        [
            433.58319091796875, 
            12.4205322265625, 
            10.356161117553711
        ], 
        [
            416.0210266113281, 
            9.941194534301758, 
            114.9185791015625
        ], 
        [
            -479.12890625, 
            15.011093139648438, 
            88.75619506835938
        ], 
        [
            -476.1957702636719, 
            15.260998725891113, 
            -0.3239225149154663
        ], 
        [
            -480.9739074707031, 
            14.766656875610352, 
            -93.6240234375
        ], 
        [
            -401.99810791015625, 
            8.761491775512695, 
            105.19905090332031
        ]
    ]
}