{
    "1": [
        [
            -15.054457664489746, 
            5.320033073425293, 
            271.71002197265625
        ], 
        [
            118.13520812988281, 
            4.506875514984131, 
            399.23052978515625
        ], 
        [
            -72.37228393554688, 
            3.245251178741455, 
            -237.06137084960938
        ], 
        [
            -248.74041748046875, 
            3.3312034606933594, 
            -356.5203857421875
        ], 
        [
            120.13813018798828, 
            6.0544586181640625, 
            -228.02061462402344
        ], 
        [
            153.51824951171875, 
            6.820037841796875, 
            -196.24267578125
        ], 
        [
            135.14892578125, 
            6.095953464508057, 
            -209.819580078125
        ], 
        [
            182.59022521972656, 
            5.273322582244873, 
            -165.73309326171875
        ], 
        [
            462.372802734375, 
            8.677403450012207, 
            -42.65171432495117
        ], 
        [
            388.68572998046875, 
            17.753448486328125, 
            -447.1061706542969
        ], 
        [
            311.5702819824219, 
            19.855539321899414, 
            -461.29339599609375
        ], 
        [
            146.97808837890625, 
            16.813772201538086, 
            -475.7513427734375
        ], 
        [
            -342.0480041503906, 
            2.997377634048462, 
            -41.38574981689453
        ], 
        [
            -322.51849365234375, 
            3.9288289546966553, 
            -19.319839477539062
        ], 
        [
            -226.33636474609375, 
            4.7344584465026855, 
            146.36099243164062
        ], 
        [
            -271.0804748535156, 
            10.681694984436035, 
            489.514892578125
        ], 
        [
            -173.29293823242188, 
            10.882143020629883, 
            497.34027099609375
        ], 
        [
            -447.7449951171875, 
            -1.861202597618103, 
            9.327301979064941
        ], 
        [
            -283.7439270019531, 
            4.452150821685791, 
            85.00247192382812
        ]
    ], 
    "2": [
        [
            135.39254760742188, 
            1.885291337966919, 
            91.25609588623047
        ], 
        [
            157.6007537841797, 
            3.7248878479003906, 
            91.79265594482422
        ], 
        [
            120.36216735839844, 
            0.3735978603363037, 
            6.801466941833496
        ], 
        [
            23.938241958618164, 
            -0.5835543274879456, 
            -47.76405715942383
        ], 
        [
            -94.54644775390625, 
            -0.3416874408721924, 
            65.89557647705078
        ], 
        [
            -176.88095092773438, 
            0.7724695205688477, 
            -114.97256469726562
        ], 
        [
            -200.73231506347656, 
            0.6712608337402344, 
            -125.99605560302734
        ]
    ], 
    "3": [
        [
            -399.9056091308594, 
            -3.923301935195923, 
            -87.53977966308594
        ], 
        [
            -416.7002868652344, 
            -6.598629474639893, 
            -55.33663558959961
        ], 
        [
            -334.1678466796875, 
            -4.904384613037109, 
            -262.2214050292969
        ]
    ]
}