{
    "1": [
        [
            298.16082763671875, 
            -3.9783384799957275, 
            156.9188995361328
        ], 
        [
            -287.68511962890625, 
            22.551048278808594, 
            436.1570739746094
        ], 
        [
            -348.64251708984375, 
            22.240507125854492, 
            318.446533203125
        ], 
        [
            -428.49066162109375, 
            20.85566520690918, 
            298.68572998046875
        ], 
        [
            -482.18792724609375, 
            14.702274322509766, 
            170.97021484375
        ], 
        [
            -460.8425598144531, 
            19.339923858642578, 
            175.34609985351562
        ], 
        [
            -395.3590087890625, 
            22.541818618774414, 
            -178.201904296875
        ], 
        [
            -472.0070495605469, 
            13.588142395019531, 
            -297.57672119140625
        ], 
        [
            -479.1025085449219, 
            20.368350982666016, 
            -378.072265625
        ], 
        [
            -342.5483703613281, 
            21.56730842590332, 
            -373.20770263671875
        ], 
        [
            378.4679260253906, 
            -2.284865617752075, 
            327.40411376953125
        ], 
        [
            312.74737548828125, 
            -3.223752737045288, 
            -86.00041198730469
        ], 
        [
            460.8493957519531, 
            -2.7146058082580566, 
            -94.06718444824219
        ], 
        [
            372.2967224121094, 
            -1.6596128940582275, 
            -267.9349670410156
        ], 
        [
            68.7989501953125, 
            8.797524452209473, 
            -480.22552490234375
        ], 
        [
            -87.07760620117188, 
            10.785930633544922, 
            -327.13336181640625
        ], 
        [
            175.81846618652344, 
            4.864746570587158, 
            -281.08135986328125
        ], 
        [
            -164.226806640625, 
            20.465482711791992, 
            -42.41254425048828
        ]
    ], 
    "2": [
        [
            -374.2320861816406, 
            17.045461654663086, 
            77.66484069824219
        ], 
        [
            -371.53790283203125, 
            17.159805297851562, 
            49.98899841308594
        ], 
        [
            -286.6754455566406, 
            20.364927291870117, 
            -191.24974060058594
        ], 
        [
            -214.74395751953125, 
            20.39585304260254, 
            -98.42756652832031
        ], 
        [
            6.932700157165527, 
            20.29615020751953, 
            -15.43990707397461
        ], 
        [
            9.04184341430664, 
            19.28540802001953, 
            39.73271560668945
        ], 
        [
            11.98868179321289, 
            7.343871116638184, 
            290.4454650878906
        ], 
        [
            -229.14219665527344, 
            20.358688354492188, 
            -191.11032104492188
        ]
    ], 
    "3": [
        [
            402.017578125, 
            -3.5577385425567627, 
            168.98599243164062
        ], 
        [
            465.0968322753906, 
            -2.0782971382141113, 
            -92.0523681640625
        ]
    ]
}