{
    "1": [
        [
            -109.49613952636719, 
            1.720744013786316, 
            -477.7149658203125
        ], 
        [
            -211.38755798339844, 
            6.697849750518799, 
            -248.45382690429688
        ], 
        [
            -99.84867858886719, 
            1.4842019081115723, 
            171.52459716796875
        ], 
        [
            132.6092529296875, 
            4.887277126312256, 
            -0.6521358489990234
        ], 
        [
            165.32211303710938, 
            4.377867221832275, 
            -11.371139526367188
        ], 
        [
            368.4537048339844, 
            0.7958647012710571, 
            -212.16671752929688
        ], 
        [
            320.15167236328125, 
            -13.874553680419922, 
            73.63198852539062
        ], 
        [
            165.07994079589844, 
            -13.614158630371094, 
            191.6451416015625
        ], 
        [
            36.267730712890625, 
            3.490896701812744, 
            387.7489013671875
        ]
    ], 
    "2": [
        [
            -205.31910705566406, 
            0.06283044815063477, 
            38.69630813598633
        ], 
        [
            -70.78631591796875, 
            1.9289708137512207, 
            -251.7271270751953
        ], 
        [
            -20.550243377685547, 
            0.5106174945831299, 
            -178.23739624023438
        ], 
        [
            -233.24911499023438, 
            -0.3675715923309326, 
            -7.513166427612305
        ]
    ], 
    "3": [
        [
            -137.87962341308594, 
            1.040107011795044, 
            210.32164001464844
        ]
    ]
}