{
    "1": [
        [
            -174.82139587402344, 
            1.9069697856903076, 
            -140.21498107910156
        ], 
        [
            -190.75628662109375, 
            1.9093494415283203, 
            -124.48322296142578
        ], 
        [
            -273.9141845703125, 
            2.4082300662994385, 
            -93.14984130859375
        ], 
        [
            80.21095275878906, 
            8.944973945617676, 
            255.92556762695312
        ], 
        [
            -315.27728271484375, 
            9.395246505737305, 
            55.15966033935547
        ], 
        [
            -234.25885009765625, 
            2.911726951599121, 
            -146.35330200195312
        ], 
        [
            212.52362060546875, 
            2.2663803100585938, 
            146.54037475585938
        ], 
        [
            211.81552124023438, 
            1.9126272201538086, 
            175.21035766601562
        ], 
        [
            363.31744384765625, 
            2.492147445678711, 
            120.1707534790039
        ], 
        [
            42.22248458862305, 
            4.323879241943359, 
            -381.8819580078125
        ], 
        [
            231.45584106445312, 
            3.8056321144104004, 
            -301.957275390625
        ], 
        [
            371.4523620605469, 
            2.224292039871216, 
            -217.65823364257812
        ], 
        [
            446.75146484375, 
            1.3952475786209106, 
            195.78562927246094
        ]
    ], 
    "2": [
        [
            -93.07765197753906, 
            -7.6699910163879395, 
            -36.076927185058594
        ], 
        [
            -215.1885223388672, 
            1.1139698028564453, 
            86.05877685546875
        ], 
        [
            -88.88147735595703, 
            1.8759071826934814, 
            200.6594696044922
        ], 
        [
            45.44032669067383, 
            -6.479679107666016, 
            86.46060943603516
        ]
    ]
}