{
    "1": [
        [
            -341.3028869628906, 
            0.9226863980293274, 
            -126.50843811035156
        ], 
        [
            -359.65179443359375, 
            -0.9966172575950623, 
            -116.24061584472656
        ], 
        [
            -299.47442626953125, 
            -0.437735915184021, 
            -104.07442474365234
        ], 
        [
            -219.88381958007812, 
            4.273514747619629, 
            -194.89871215820312
        ], 
        [
            -271.4032287597656, 
            -0.1410360336303711, 
            381.7861328125
        ], 
        [
            -158.4241485595703, 
            -0.2629266083240509, 
            413.4432373046875
        ], 
        [
            -157.4583740234375, 
            2.8108534812927246, 
            399.9185485839844
        ], 
        [
            -137.7135467529297, 
            -2.376342535018921, 
            384.08740234375
        ], 
        [
            107.26383972167969, 
            2.102562665939331, 
            309.16851806640625
        ], 
        [
            -34.0861701965332, 
            -2.6043028831481934, 
            342.86273193359375
        ], 
        [
            466.0857849121094, 
            -8.035080909729004, 
            122.81759643554688
        ], 
        [
            185.33016967773438, 
            -2.988816738128662, 
            -461.79425048828125
        ]
    ], 
    "2": [
        [
            -36.838768005371094, 
            -10.601320266723633, 
            -39.549072265625
        ], 
        [
            0.20172260701656342, 
            -5.336657524108887, 
            -159.07676696777344
        ], 
        [
            -440.525390625, 
            10.205885887145996, 
            243.98509216308594
        ], 
        [
            200.57510375976562, 
            -8.973938941955566, 
            97.74674987792969
        ], 
        [
            130.1778564453125, 
            -6.785187721252441, 
            112.30513000488281
        ]
    ], 
    "3": [
        [
            387.1372985839844, 
            -11.200311660766602, 
            -124.4686050415039
        ], 
        [
            300.9258728027344, 
            -12.58263874053955, 
            -245.53297424316406
        ], 
        [
            342.05633544921875, 
            -13.958317756652832, 
            -195.6001434326172
        ], 
        [
            394.84197998046875, 
            -11.487879753112793, 
            2.308023691177368
        ], 
        [
            397.6622314453125, 
            -11.40699577331543, 
            -102.50141906738281
        ], 
        [
            290.85400390625, 
            -12.26235580444336, 
            -197.45437622070312
        ]
    ]
}