{
    "1": [
        [
            -84.75949096679688, 
            -1.290118932723999, 
            189.80308532714844
        ], 
        [
            -93.97761535644531, 
            7.159720420837402, 
            100.43506622314453
        ], 
        [
            149.29901123046875, 
            0.12928727269172668, 
            -85.48483276367188
        ], 
        [
            392.9345703125, 
            21.365400314331055, 
            279.1688537597656
        ], 
        [
            -196.39068603515625, 
            21.365449905395508, 
            -153.1275634765625
        ], 
        [
            -179.6197509765625, 
            20.385217666625977, 
            -184.21160888671875
        ], 
        [
            -214.11807250976562, 
            24.643508911132812, 
            -219.42283630371094
        ], 
        [
            -412.2181091308594, 
            -0.15969431400299072, 
            -29.072294235229492
        ], 
        [
            -465.20184326171875, 
            -14.27756118774414, 
            -375.05950927734375
        ]
    ], 
    "2": [
        [
            -85.77300262451172, 
            -1.5185502767562866, 
            192.94589233398438
        ], 
        [
            -29.64276695251465, 
            14.072196960449219, 
            -1.6021723747253418
        ], 
        [
            -3.907956600189209, 
            8.21731948852539, 
            -37.13222885131836
        ]
    ], 
    "3": [
        [
            -400.7913818359375, 
            -2.3118855953216553, 
            -318.7034912109375
        ], 
        [
            -380.4035949707031, 
            -1.5669100284576416, 
            -349.59979248046875
        ]
    ]
}