{
    "1": [
        [
            -84.75949096679688, 
            -1.290118932723999, 
            189.80308532714844
        ], 
        [
            -93.97761535644531, 
            7.159720420837402, 
            100.43506622314453
        ], 
        [
            149.29901123046875, 
            0.12928727269172668, 
            -85.48483276367188
        ], 
        [
            392.9345703125, 
            21.365400314331055, 
            279.1688537597656
        ], 
        [
            -214.11807250976562, 
            24.643508911132812, 
            -219.42283630371094
        ], 
        [
            -412.2181091308594, 
            -0.15969431400299072, 
            -29.072294235229492
        ], 
        [
            348.9172668457031, 
            23.358137130737305, 
            366.00421142578125
        ], 
        [
            430.5445251464844, 
            21.109390258789062, 
            248.9996337890625
        ], 
        [
            316.2928161621094, 
            -2.6347715854644775, 
            -154.11790466308594
        ], 
        [
            -183.2766876220703, 
            23.2357234954834, 
            -129.7230987548828
        ], 
        [
            -479.738525390625, 
            10.633820533752441, 
            62.465423583984375
        ], 
        [
            -318.2220458984375, 
            3.8437886238098145, 
            -95.11737823486328
        ], 
        [
            -256.3109130859375, 
            -10.206208229064941, 
            -381.154296875
        ], 
        [
            -191.698486328125, 
            -7.209070682525635, 
            -439.44598388671875
        ], 
        [
            48.969520568847656, 
            7.8172430992126465, 
            -475.3050231933594
        ], 
        [
            -158.169677734375, 
            0.27494627237319946, 
            305.46405029296875
        ], 
        [
            -55.85392379760742, 
            -9.554712295532227, 
            324.08453369140625
        ], 
        [
            -161.62686157226562, 
            -0.9353256821632385, 
            432.3805847167969
        ]
    ], 
    "2": [
        [
            -85.77300262451172, 
            -1.5185502767562866, 
            192.94589233398438
        ], 
        [
            -29.64276695251465, 
            14.072196960449219, 
            -1.6021723747253418
        ], 
        [
            -3.907956600189209, 
            8.21731948852539, 
            -37.13222885131836
        ], 
        [
            414.6644287109375, 
            21.159900665283203, 
            295.17535400390625
        ], 
        [
            346.1553039550781, 
            15.268789291381836, 
            258.82098388671875
        ], 
        [
            278.53863525390625, 
            -6.302806377410889, 
            223.5574188232422
        ], 
        [
            144.36624145507812, 
            -14.09428882598877, 
            149.55091857910156
        ]
    ], 
    "3": [
        [
            -400.7913818359375, 
            -2.3118855953216553, 
            -318.7034912109375
        ], 
        [
            -380.4035949707031, 
            -1.5669100284576416, 
            -349.59979248046875
        ], 
        [
            -206.54315185546875, 
            20.41847801208496, 
            -144.9043426513672
        ], 
        [
            -174.48907470703125, 
            20.1607723236084, 
            -190.7911376953125
        ], 
        [
            -221.96807861328125, 
            24.64348602294922, 
            -203.95523071289062
        ], 
        [
            -206.40821838378906, 
            24.656204223632812, 
            -215.802490234375
        ], 
        [
            -438.04180908203125, 
            -11.710305213928223, 
            -372.1536865234375
        ], 
        [
            -448.6266784667969, 
            -11.408299446105957, 
            -351.4364929199219
        ], 
        [
            -467.49688720703125, 
            -14.652690887451172, 
            -374.0904235839844
        ], 
        [
            -482.4786682128906, 
            -10.795026779174805, 
            -266.20074462890625
        ]
    ]
}