{
    "1": [
        [
            314.2646484375, 
            16.168912887573242, 
            -350.6696472167969
        ], 
        [
            293.15277099609375, 
            13.537130355834961, 
            -322.89984130859375
        ], 
        [
            331.4183654785156, 
            17.101898193359375, 
            310.645751953125
        ], 
        [
            312.8465270996094, 
            17.047435760498047, 
            302.9442138671875
        ], 
        [
            -113.66423034667969, 
            12.675823211669922, 
            -243.56634521484375
        ], 
        [
            -32.90411376953125, 
            12.118297576904297, 
            -64.06607055664062
        ], 
        [
            -84.47797393798828, 
            11.512824058532715, 
            44.25844955444336
        ]
    ], 
    "2": [
        [
            100.86333465576172, 
            16.819438934326172, 
            -95.92045593261719
        ], 
        [
            276.2539978027344, 
            16.375629425048828, 
            -5.7042927742004395
        ], 
        [
            281.8833923339844, 
            16.347761154174805, 
            20.846988677978516
        ], 
        [
            145.50146484375, 
            15.674444198608398, 
            148.26406860351562
        ], 
        [
            99.3936996459961, 
            18.726503372192383, 
            32.81260299682617
        ], 
        [
            -14.191822052001953, 
            15.71650505065918, 
            100.0016860961914
        ]
    ], 
    "3": [
        [
            334.33984375, 
            17.381458282470703, 
            311.61407470703125
        ], 
        [
            -336.7872009277344, 
            9.751151084899902, 
            130.80892944335938
        ], 
        [
            -357.88433837890625, 
            7.254983901977539, 
            77.91397094726562
        ], 
        [
            -373.2149353027344, 
            7.795163631439209, 
            121.1793212890625
        ]
    ]
}