{
    "1": [
        [
            10.469829559326172, 
            16.00818634033203, 
            460.5402526855469
        ], 
        [
            355.35247802734375, 
            11.996513366699219, 
            434.0675354003906
        ], 
        [
            293.974853515625, 
            12.013374328613281, 
            419.6669006347656
        ], 
        [
            -282.944091796875, 
            3.07835054397583, 
            -439.075439453125
        ], 
        [
            146.11451721191406, 
            9.8666410446167, 
            -332.1721496582031
        ], 
        [
            352.4986572265625, 
            9.991905212402344, 
            -474.1450500488281
        ], 
        [
            -36.3775634765625, 
            5.890307903289795, 
            -323.7146301269531
        ], 
        [
            -73.29886627197266, 
            5.300168514251709, 
            263.52850341796875
        ], 
        [
            -282.2220764160156, 
            6.018573760986328, 
            226.88607788085938
        ]
    ], 
    "2": [
        [
            -64.9537353515625, 
            5.702210903167725, 
            260.4161071777344
        ], 
        [
            -18.436368942260742, 
            1.0059106349945068, 
            103.36325073242188
        ], 
        [
            -330.8214111328125, 
            11.8818998336792, 
            36.951881408691406
        ], 
        [
            -240.45098876953125, 
            9.12328815460205, 
            -46.51142120361328
        ], 
        [
            -119.07722473144531, 
            1.9259204864501953, 
            -121.21257019042969
        ], 
        [
            36.57622528076172, 
            1.9917526245117188, 
            -119.06124877929688
        ], 
        [
            -43.585811614990234, 
            5.577394008636475, 
            -229.79684448242188
        ], 
        [
            -145.06304931640625, 
            5.471981048583984, 
            232.24716186523438
        ]
    ]
}