{
    "1": [
        [
            -159.41195678710938, 
            26.03313446044922, 
            -407.141357421875
        ], 
        [
            -146.71514892578125, 
            25.84463882446289, 
            -407.4723205566406
        ], 
        [
            -208.00665283203125, 
            25.43033218383789, 
            -445.5897216796875
        ], 
        [
            -430.4242858886719, 
            15.246082305908203, 
            -468.95928955078125
        ], 
        [
            -429.866455078125, 
            15.62948989868164, 
            471.06561279296875
        ], 
        [
            -208.05035400390625, 
            25.460567474365234, 
            443.4476013183594
        ], 
        [
            -158.17745971679688, 
            26.196067810058594, 
            408.541748046875
        ], 
        [
            -146.2357177734375, 
            26.077964782714844, 
            408.2029113769531
        ], 
        [
            351.6163635253906, 
            2.8288841247558594, 
            344.53125
        ], 
        [
            485.72100830078125, 
            13.448755264282227, 
            391.5522155761719
        ], 
        [
            482.83758544921875, 
            12.742919921875, 
            -380.44244384765625
        ], 
        [
            362.9305419921875, 
            7.964230060577393, 
            -449.89227294921875
        ]
    ], 
    "2": [
        [
            -399.1791076660156, 
            15.959502220153809, 
            -123.39769744873047
        ], 
        [
            -432.66363525390625, 
            21.524391174316406, 
            -89.92806243896484
        ], 
        [
            -431.0972900390625, 
            21.882238388061523, 
            85.66230773925781
        ], 
        [
            -401.949951171875, 
            16.143287658691406, 
            127.32859802246094
        ], 
        [
            366.82366943359375, 
            0.15377771854400635, 
            133.80853271484375
        ], 
        [
            355.7668151855469, 
            -0.9049952030181885, 
            -133.48129272460938
        ]
    ]
}