{
    "1": [
        [
            -271.76922607421875, 
            11.957552909851074, 
            -86.4493179321289
        ], 
        [
            -278.6361083984375, 
            12.21320915222168, 
            -162.90008544921875
        ], 
        [
            289.1934509277344, 
            12.289725303649902, 
            -151.493408203125
        ], 
        [
            284.53564453125, 
            12.429716110229492, 
            -96.97526550292969
        ], 
        [
            299.6461181640625, 
            7.939113616943359, 
            -193.81739807128906
        ], 
        [
            291.6719055175781, 
            7.948152542114258, 
            -233.28973388671875
        ], 
        [
            392.6455993652344, 
            16.58095359802246, 
            -497.27093505859375
        ], 
        [
            -244.80764770507812, 
            7.946468353271484, 
            -445.85272216796875
        ], 
        [
            -217.85552978515625, 
            7.931333541870117, 
            -290.14788818359375
        ], 
        [
            234.03945922851562, 
            7.945711135864258, 
            371.1435852050781
        ], 
        [
            -221.34925842285156, 
            7.893729209899902, 
            358.6874694824219
        ], 
        [
            -481.015380859375, 
            3.3709676265716553, 
            323.01092529296875
        ], 
        [
            447.6450500488281, 
            3.3554744720458984, 
            315.08050537109375
        ], 
        [
            -104.81334686279297, 
            7.934751033782959, 
            143.3127899169922
        ], 
        [
            80.39733123779297, 
            8.011615753173828, 
            153.6908721923828
        ], 
        [
            407.3474426269531, 
            7.486451148986816, 
            261.8089294433594
        ], 
        [
            -388.8736572265625, 
            7.276179790496826, 
            250.93515014648438
        ], 
        [
            -184.61058044433594, 
            7.920880317687988, 
            -301.23406982421875
        ], 
        [
            307.8904113769531, 
            7.917287349700928, 
            -404.7002868652344
        ]
    ], 
    "2": [
        [
            -24.021902084350586, 
            7.950715065002441, 
            -93.84856414794922
        ], 
        [
            19.072898864746094, 
            7.921183109283447, 
            -64.50798797607422
        ], 
        [
            37.58091354370117, 
            7.901556968688965, 
            -123.27906799316406
        ], 
        [
            -5.64150857925415, 
            7.942933559417725, 
            -150.8759765625
        ], 
        [
            -11.535179138183594, 
            7.940241813659668, 
            -206.43907165527344
        ], 
        [
            36.50078582763672, 
            7.920191287994385, 
            -171.98126220703125
        ], 
        [
            -168.3138427734375, 
            7.927714824676514, 
            112.20343017578125
        ], 
        [
            -95.98600006103516, 
            7.932651042938232, 
            116.6878662109375
        ], 
        [
            216.0774688720703, 
            7.933286666870117, 
            83.68638610839844
        ], 
        [
            24.09720230102539, 
            15.280194282531738, 
            460.4129638671875
        ], 
        [
            -11.211766242980957, 
            15.419981002807617, 
            452.25091552734375
        ]
    ], 
    "3": [
        [
            -64.37765502929688, 
            7.988946914672852, 
            218.41519165039062
        ], 
        [
            79.58842468261719, 
            8.044306755065918, 
            221.205078125
        ], 
        [
            -107.27733612060547, 
            7.932779788970947, 
            134.38241577148438
        ], 
        [
            -61.33184814453125, 
            7.919179916381836, 
            233.56964111328125
        ], 
        [
            91.98389434814453, 
            7.984806060791016, 
            239.53414916992188
        ], 
        [
            30.296960830688477, 
            7.925271987915039, 
            215.23118591308594
        ], 
        [
            -18.69908905029297, 
            7.921667575836182, 
            212.43466186523438
        ], 
        [
            -82.52742004394531, 
            7.9255876541137695, 
            -389.71099853515625
        ], 
        [
            -78.38265991210938, 
            7.9194440841674805, 
            -358.1533203125
        ], 
        [
            83.41153717041016, 
            7.921601295471191, 
            -378.5474548339844
        ], 
        [
            84.87249755859375, 
            7.924693584442139, 
            -346.72991943359375
        ], 
        [
            86.99166870117188, 
            7.933048248291016, 
            -314.916259765625
        ], 
        [
            59.64425277709961, 
            7.93409538269043, 
            -292.5489807128906
        ], 
        [
            -80.08216094970703, 
            7.932358741760254, 
            -323.05279541015625
        ]
    ]
}