{
    "02_malinovka": {
        "1": [
            [
                -156.65199279785156, 
                9.874204635620117, 
                -160.16282653808594
            ], 
            [
                -152.0443878173828, 
                9.875672340393066, 
                -153.40997314453125
            ]
        ], 
        "2": [
            [
                -147.42311096191406, 
                9.872825622558594, 
                -146.63812255859375
            ], 
            [
                -142.45645141601562, 
                9.87480640411377, 
                -139.36004638671875
            ]
        ], 
        "3": [
            [
                -137.49392700195312, 
                9.873791694641113, 
                -132.089111328125
            ]
        ]
    }
}